id,ean,name,marke,gruppe,artikelnummer,bestand,mindestbestand,aktiv
2736214,4250094900236,A CLASSIC Cream 50 ml,KLAPP,A CLASSIC,1802,3,1,true
2736215,4250094900243,A CLASSIC Cream Neck & Décolleté 50 ml,KLAPP,A CLASSIC,1803,2,,true
2736216,4250094909765,A CLASSIC Revital Serum 30 ml,KLAPP,A CLASSIC,1806,1,,true
2736217,4250094900274,A CLASSIC Cream Ultra 50ml,KLAPP,A CLASSIC,1809,2,2,true
2736218,4250094900281,A CLASSIC Cream Eye Care 15 ml,KLAPP,A CLASSIC,1810,0,,true
2736219,4250094909802,A CLASSIC Mask Effect 50 ml,KLAPP,A CLASSIC,1811,1,,true
2736220,4250094911737,A CLASSIC Cream Eye Care 50 ml,KLAPP,A CLASSIC,812,-1,,true
2736221,4250094911799,A CLASSIC Mask Effect 250 ml,KLAPP,A CLASSIC,830,2,,true
2736222,4250094911652,A CLASSIC Cream 100 ml,KLAPP,A CLASSIC,802,,,true
2736223,4250094911669,A CLASSIC Cream Neck & Décolleté 100 ml,KLAPP,A CLASSIC,803,-1,,true
2736224,4250094911720,A CLASSIC Cream Ultra 100 ml,KLAPP,A CLASSIC,809,,,true
2736225,4250094911744,A CLASSIC Treatment Retinol-Thermo Face Gym 1xBeh.,KLAPP,A CLASSIC,820,,,true
2736226,4250094911690,A CLASSIC Serum Revital 75 ml,KLAPP,A CLASSIC,806,,,true
2736227,4250094900328,A CLASSIC Fluid Retinol Pure 30 ml,KLAPP,A CLASSIC,1814,,,true
2736228,4250094911775,A CLASSIC Conc. Vitamin A plus Retinol 10 x 2 ml,KLAPP,A CLASSIC,828,,,true
2736229,4250094944698,A CLASSIC Hydrogel Eye Patches 5 x 2 Stück,KLAPP,A CLASSIC,1808,0,,true
2736230,4250094959876,A CLASSIC Mask Hydrogel Face 3 Stück,KLAPP,A CLASSIC,1816,,,true
2736231,4250094970840,A CLASSIC Cream Micro Retinol Soft 30 ml,KLAPP,A CLASSIC,1825,2,1,true
2736232,4250094971328,"A CLASSIC Probe Cream Micro Retinol Soft 1,5 ml",KLAPP,A CLASSIC,8805,,,true
2736233,4250094976590,A CLASSIC Facial Oil with Retinol 30 ml,KLAPP,A CLASSIC,1804,2,1,true
2736234,4250094990299,A CLASSIC Body Lotion 200 ml,KLAPP,A CLASSIC,1834,,,true
2736235,4250094990312,A CLASSIC Power Boost Treatment 1 Beh.,KLAPP,A CLASSIC,834,11,4,true
2736236,4250094953836,A CLASSIC Cream 50 ml,KLAPP,A CLASSIC,1802L,,,true
2736237,4250094953843,A CLASSIC Revital Serum 30 ml,KLAPP,A CLASSIC,1806L,0,,true
2736238,4250094953850,A CLASSIC Cream Ultra 50 ml,KLAPP,A CLASSIC,1809L,,,true
2736239,4250094953775,A CLASSIC Cream 100 ml,KLAPP,A CLASSIC,802L,,,true
2736240,4250094953782,A CLASSIC Cream Neck & Décolleté 100 ml,KLAPP,A CLASSIC,803L,,,true
2736241,4250094953799,A CLASSIC Serum Revital 75 ml,KLAPP,A CLASSIC,806L,,,true
2736242,4250094953805,A CLASSIC Cream Ultra 100 ml,KLAPP,A CLASSIC,809L,,,true
2736243,4250094953959,"A Classic Cream Ultra PROBE 1,5 ml",KLAPP,A CLASSIC,8809L,,,true
2736244,4250254210779,Acid Peel Acne 5 x 8 ml,KLAPP,Acid Peel,HC530,,,true
2736245,4250254210786,Acid Peel Couperose 40 ml,KLAPP,Acid Peel,HC531,,,true
2736246,4250254210793,Acid Peel Lifting 10 x 4 ml,KLAPP,Acid Peel,HC532,,,true
2736247,4250254210809,Acid Peel Whitening 40 ml,KLAPP,Acid Peel,HC533,,,true
2736248,4250254210816,Acid Peel Neutralizer 200 ml,KLAPP,Acid Peel,HC534,,,true
2736249,4250094994587,Alternative Medical Moisturizing Chin Mask 3 Stück,KLAPP,ALTERNATIVE MEDICAL,499,,,true
2736250,4250094994594,Alternative Medical Moisturizing Chin Mask 1 Stück,KLAPP,ALTERNATIVE MEDICAL,4809,,,true
2736251,4250094935900,A. MEDICAL Serum Moisturizer Booster 2 x 30 ml,KLAPP,ALTERNATIVE MEDICAL,480,,,true
2736252,4250094935917,A. MEDICAL Serum Stem Cell Booster 2 x 30 ml,KLAPP,ALTERNATIVE MEDICAL,481,,,true
2736253,4250094935689,A. MEDICAL Serum Moisturizer Booster 30 ml,KLAPP,ALTERNATIVE MEDICAL,4800,,,true
2736254,4250094935696,A. MEDICAL Serum Stem Cell Booster 30 ml,KLAPP,ALTERNATIVE MEDICAL,4801,,,true
2736255,4250094935702,A. MEDICAL Serum Tyrosinase Reduction 30 ml,KLAPP,ALTERNATIVE MEDICAL,4802,,,true
2736256,4250094935719,A. MEDICAL Serum Collagen Dermis Rebuilder 30 ml,KLAPP,ALTERNATIVE MEDICAL,4803,-2,,true
2736257,4250094935726,A. MEDICAL Serum Skin Calming 30 ml,KLAPP,ALTERNATIVE MEDICAL,4804,-1,,true
2736258,4250094935733,A. MEDICAL Serum Acne Regulation 30 ml,KLAPP,ALTERNATIVE MEDICAL,4805,2,,true
2736259,4250094935740,A. MEDICAL Serum Capillary Restoring 30 ml,KLAPP,ALTERNATIVE MEDICAL,4806,0,,true
2736260,4250094935924,A. MEDICAL Serum Tyrosinase Reduction 2 x 30 ml,KLAPP,ALTERNATIVE MEDICAL,482,,,true
2736261,4250094935931,A. MEDICAL Serum Collagen Dermis Rebuilder 2x30 ml,KLAPP,ALTERNATIVE MEDICAL,483,,,true
2736262,4250094935948,A. MEDICAL Serum Skin Calming 2 x 30 ml,KLAPP,ALTERNATIVE MEDICAL,484,,,true
2736263,4250094935955,A. MEDICAL Serum Acne Regulation 2 x 30 ml,KLAPP,ALTERNATIVE MEDICAL,485,,,true
2736264,4250094935962,A. MEDICAL Serum Capillary Restoring 2 x 30 ml,KLAPP,ALTERNATIVE MEDICAL,486,,,true
2736265,4250094950873,AQUA DERM+ Clear Skin Serum 40 ml,KLAPP,AQUA DERM+,946,,,true
2736266,4250094950880,AQUA DERM+ Stem Cell Serum 40 ml,KLAPP,AQUA DERM+,947,,,true
2736267,4250094950897,AQUA DERM+ Collagen Serum 40 ml,KLAPP,AQUA DERM+,948,,,true
2736268,4250094950903,AQUA DERM+ Hyaluron Serum 40 ml,KLAPP,AQUA DERM+,949,,,true
2736269,4250094950910,AQUA DERM+ Peptide Serum 40 ml,KLAPP,AQUA DERM+,950,,,true
2736270,4250094950927,AQUA DERM + Vitamin Serum 40 ml,KLAPP,AQUA DERM+,951,,,true
2736271,4250094950934,AQUA DERM+ Peeling Lotion 125 ml,KLAPP,AQUA DERM+,952,,,true
2736272,4250094950941,AQUA DERM + Technical Clearing 125 ml,KLAPP,AQUA DERM+,953,2,,true
2736273,4250094952341,Aquadermabrasionsgerät - AQUA DERM+,KLAPP,AQUA DERM+,945,,,true
2736274,4250094912925,ASA PEEL Treatment Face 3 x Beh.,KLAPP,ASA PEEL,811,,,true
2736275,4250094900908,ASA PEEL Cream Care 30 ml,KLAPP,ASA PEEL,1840,,,true
2736276,4250094971977,ASA PEEL Serum 30 ml,KLAPP,ASA PEEL,1844,,,true
2736277,4250056748337,ASA PEEL DIAMOND Filter 50 Stück,KLAPP,ASA PEEL DIAMOND,9056,,,true
2736278,4250094948351,"ASA PEEL DIAMOND Applikator Körnung 100, 1 Stück",KLAPP,ASA PEEL DIAMOND,9059,,,true
2736279,4250094948368,ASA PEEL DIAMOND Ventil 1 Stück,KLAPP,ASA PEEL DIAMOND,9066,,,true
2736280,4250094948405,ASA PEEL DIAMOND Kühlungshandstück,KLAPP,ASA PEEL DIAMOND,9061,,,true
2736281,4250094949389,ASA PEEL DIAMOND Handstücke,KLAPP,ASA PEEL DIAMOND,7055,,,true
2736282,4250094933135,ASA PEEL Micro-Derma. Treatment 1 x Beh.,KLAPP,ASA PEEL MICRO-DERMABRASION III,841,,,true
2736283,4250094933166,ASA PEEL Micro-Derma. Schlauch m. Handstück 1Stk,KLAPP,ASA PEEL MICRO-DERMABRASION III,9053,,,true
2736284,4250094999353,ASA PEEL Micro-Derma. Glaskopf 1 Box (3 Stück),KLAPP,ASA PEEL MICRO-DERMABRASION III,9436,,,true
2736285,4250094999377,Aluminiumoxid-Kartusche 1 Stück,KLAPP,ASA PEEL MICRO-DERMABRASION III,9433,,,true
2736286,4250094999384,Aluminiumoxid-Kartusche 4 Stück,KLAPP,ASA PEEL MICRO-DERMABRASION III,9434,,,true
2736287,4250094950637,BC Moisturizing Serum + ProVitamin B 5 30 Stück,KLAPP,BEAUTY CAPSULES,7206,0,,true
2736288,4250094950644,BC Skin-Refining Serum + Vitamin C 30 Stück,KLAPP,BEAUTY CAPSULES,7207,0,,true
2736289,4250094950651,BC Protecting Serum + Vitamin E 30 Stück,KLAPP,BEAUTY CAPSULES,7208,0,,true
2736290,4250094950668,BC Anti-Aging Serum + Vitamin A 30 Stück,KLAPP,BEAUTY CAPSULES,7209,0,,true
2736291,4250094951924,BEAUTY SECRETS Ultra Lift Set,KLAPP,BEAUTY SECRETS,7210,,,true
2736292,4250094951931,BEAUTY SECRETS Ultra Lift Serum,KLAPP,BEAUTY SECRETS,7211,,,true
2736293,4250094911553,BETA GLUCAN Cream 24h 50 ml,KLAPP,BETA GLUCAN,1312,2,,true
2736294,4250094911546,BETA GLUCAN Tonic 150 ml,KLAPP,BETA GLUCAN,1311,0,,true
2736295,4250094911539,BETA GLUCAN Milk Cleansing 150 ml,KLAPP,BETA GLUCAN,1310,,,true
2736296,4250094913670,BETA GLUCAN Cream 24h 50 ml,KLAPP,BETA GLUCAN,382,,,true
2736297,4250094913694,BETA GLUCAN Skin Calming Concentrate 10 x 2 ml,KLAPP,BETA GLUCAN,384,,,true
2736298,4250094913717,BETA GLUCAN Mask 250 ml,KLAPP,BETA GLUCAN,386,,,true
2736299,4250094904302,C PURE Cream Complete 50 ml,KLAPP,C PURE,1513,1,,true
2736300,4250094904319,C PURE Fluid 50 ml,KLAPP,C PURE,1512,2,,true
2736301,4250094921149,C PURE Cleanser Foam 200 ml,KLAPP,C PURE,1514,2,,true
2736302,4250094913250,C PURE Cream Complete 100 ml,KLAPP,C PURE,513,,,true
2736303,4250094921521,C PURE Foam Tonic 200 ml,KLAPP,C PURE,1507,,,true
2736304,4250094910143,C PURE Treatment Eyezone 15 ml,KLAPP,C PURE,1509,0,,true
2736305,4250094925338,C PURE Face Infusion Treatment 1 Beh.,KLAPP,C PURE,516,,,true
2736306,4250094913243,C PURE Fluid 100 ml,KLAPP,C PURE,512,,,true
2736307,4250094947606,C PURE Power Set,KLAPP,C PURE,2555,7,,true
2736308,4250094952136,CASHMERE Body Butter,KLAPP,CASHMERE Body Butter,7212,0,1,true
2736309,4250094953201,CAVIAR POWER IMPERIAL WHITE SERUM 40 ml,KLAPP,Caviar Power Imperial,2563,,,true
2736310,4250094953225,CAVIAR POWER Imperial 24H White Creme 50 ml,KLAPP,CAVIAR POWER,2564,0,,true
2736311,4250094948061,"CAVIAR POWER Mask Probe 1,5 ml",KLAPP,CAVIAR POWER,5214,,,true
2736312,4250094945787,CAVIAR POWER Concentrate Extrait de Caviar 10x2 ml,KLAPP,CAVIAR POWER,509,,,true
2736313,4250094960216,CAVIAR POWER Care Eye Roll-On 10 ml,KLAPP,CAVIAR POWER,2522,,,true
2736314,4250094912383,CAVIAR POWER Vlies 10 Stück,KLAPP,CAVIAR POWER,463,,,true
2736315,4250094900373,CAVIAR POWER Cream Day 50 ml,KLAPP,CAVIAR POWER,2510,0,,true
2736316,4250094900380,CAVIAR POWER Serum 50ml mit Stör,KLAPP,CAVIAR POWER,2511,,,true
2736317,4250094900397,CAVIAR POWER Eye Care Liquid Serum 5 x 3 ml,KLAPP,CAVIAR POWER,2512,,,true
2736318,4250094911812,CAVIAR POWER Treatm. Age-Reducing in 45min. 1xBeh.,KLAPP,CAVIAR POWER,507,,,true
2736319,4250094910099,CAVIAR POWER Mask 50 ml,KLAPP,CAVIAR POWER,2514,,,true
2736320,4250094900427,CAVIAR POWER Cream Night 50 ml,KLAPP,CAVIAR POWER,2515,,,true
2736321,4250094910112,CAVIAR POWER Tonic 200 ml,KLAPP,CAVIAR POWER,2516,-1,,true
2736322,4250094900441,CAVIAR POWER Milk Cleansing 200 ml,KLAPP,CAVIAR POWER,2517,,,true
2736323,4250094973728,CAVIAR Power Serum Imperial Black 40 ml,KLAPP,Caviar Power Imperial,2523,1,,true
2736324,4250094979676,CAVIAR POWER Imperial 24H Jelly Cream 50 ml,KLAPP,CAVIAR POWER,2526,,,true
2736325,4250094986841,CAVIAR POWER Imperial 24H Jelly Cream 30 ml,KLAPP,CAVIAR POWER,2528,,,true
2736326,4250094997298,CLEAN & ACTIVE Dosierspender 1 Stück,KLAPP,CLEAN & ACTIVE,216,,,true
2736327,4250094946005,CLEAN & ACTIVE Cleansing Cream Foam 100 ml,KLAPP,CLEAN & ACTIVE,200,0,,true
2736328,4250094946081,CLEAN & ACTIVE Micro Peeling VK 50 ml,KLAPP,CLEAN & ACTIVE,1214,1,,true
2736329,4250094946098,CLEAN & ACTIVE Micro Peeling KABI 250 ml,KLAPP,CLEAN & ACTIVE,124,,,true
2736331,4250094901943,CLEAN & ACTIVE Lotion Cleansing 1.000 ml,KLAPP,CLEAN & ACTIVE,201,,,true
2736332,4250094901950,CLEAN & ACTIVE Cleansing Gel 1.000 ml,KLAPP,CLEAN & ACTIVE,202,,,true
2736333,4250094901967,CLEAN & ACTIVE Tonic without Alcohol 1.000 ml,KLAPP,CLEAN & ACTIVE,204,,,true
2736334,4250094901974,CLEAN & ACTIVE Tonic with Alcohol 1.000 ml,KLAPP,CLEAN & ACTIVE,205,,,true
2736335,4250094912642,CLEAN & ACTIVE Peeling Enzyme 250 ml,KLAPP,CLEAN & ACTIVE,215,,,true
2736336,4250094900571,CLEAN & ACTIVE Cleansing Lotion 250 ml,KLAPP,CLEAN & ACTIVE,1201,1,2,true
2736337,4250094900588,CLEAN & ACTIVE Gel Cleansing 250 ml,KLAPP,CLEAN & ACTIVE,1202,1,,true
2736338,4250094900601,CLEAN & ACTIVE PEELING ENZYME 50 ml,KLAPP,CLEAN & ACTIVE,1205,0,,true
2736339,4250094900618,CLEAN & ACTIVE Tonic without Alcohol 250 ml,KLAPP,CLEAN & ACTIVE,1206,-1,0,true
2736340,4250094900625,CLEAN & ACTIVE Tonic with Alcohol 250 ml,KLAPP,CLEAN & ACTIVE,1207,0,,true
2736341,4250094946289,CLEAN & ACTIVE Lotion Exfoliator Dry Skin 250 ml,KLAPP,CLEAN & ACTIVE,1208,,,true
2736342,4250094946296,CLEAN & ACTIVE Lotion Exfoliator Oily Skin 250 ml,KLAPP,CLEAN & ACTIVE,1209,,,true
2736344,4250094936211,CLEAN & ACTIVE Remover Eye Make-Up 100 ml,KLAPP,CLEAN & ACTIVE,432,0,,true
2736345,4250094935467,"Clean & Active Proben Peeling Enzyme 1,5 ml",KLAPP,CLEAN & ACTIVE,8700,,,true
2736346,4250094948078,"CLEAN & ACTIVE Cleansing Cream Foam Probe 1,5 ml",KLAPP,CLEAN & ACTIVE,87200,,,true
2736347,4250094953522,CLINICAL CARE 3 Step Home Peeling Treatment 3 Beh.,KLAPP,CLINICAL CARE,HC3217,,,true
2736348,4250094953348,CC Treatment Surg. Cell Boost 40+ 4x6 ml,KLAPP,CLINICAL CARE,HC305,,,true
2736349,4250094953355,CC Surgery-Regeneration 60+-Rebuild Serum 4x6 ml,KLAPP,CLINICAL CARE,HC310,,,true
2736350,4250094953416,CLINICAL CARE Treatment Surg. Restruct. 50+ 4x6 ml,KLAPP,CLINICAL CARE,HC306,,,true
2736351,4250254210267,CC Surgery-Regeneration 60+-Rebuild Serum 4x6 ml,KLAPP,CLINICAL CARE,HC310,,,true
2736352,4250254210199,CC Surgery - Eye Zone - Couperose Serum 30 ml,KLAPP,CLINICAL CARE,HC3211,,,true
2736353,4250254210205,CC Surgery-Cell Boost 40+-Cell Energy Serum 30 ml,KLAPP,CLINICAL CARE,HC3212,,,true
2736354,4250254210212,CC Surgery-Restructure 50+-Regeneration Serum 30ml,KLAPP,CLINICAL CARE,HC3213,,,true
2736355,4250254210229,CC Surgery-Regeneration 60+-Rebuild Serum 30 ml,KLAPP,CLINICAL CARE,HC3214,,,true
2736356,4250254210236,CC Emulsion Surgery Light - Finish 50 ml,KLAPP,CLINICAL CARE,HC3215,,,true
2736357,4250254210274,CLINICAL CARE Emulsion Surg. Rich-Finish 50 ml,KLAPP,CLINICAL CARE,HC3216,,,true
2736358,4250254210250,CLINICAL CARE 3 Step Home Peeling Treatment 3 Beh.,KLAPP,CLINICAL CARE,HC3217,,,true
2736359,4250254208714,CC Mask Surg. Moisturizer-Peptid 5 Stück,KLAPP,CLINICAL CARE,HC309,,,true
2736360,4250254208066,CLINICAL CARE Treatment Surg. Fine Skin 4 x 6 ml,KLAPP,CLINICAL CARE,HC300,,,true
2736361,4250254208073,CLINICAL CARE Treatment Surg. Eye & Sen. 4 x 6 ml,KLAPP,CLINICAL CARE,HC301,,,true
2736362,4250254208080,CLINICAL CARE Treatment Surg. Even Light 4 x 6 ml,KLAPP,CLINICAL CARE,HC303,,,true
2736363,4250254208103,CC Treatment Surg. Cell Boost 40+ 4x6 ml,KLAPP,CLINICAL CARE,HC305,,,true
2736364,4250254208110,CLINICAL CARE Treatment Surg. Restruct. 50+ 4x6 ml,KLAPP,CLINICAL CARE,HC306,,,true
2736365,4250254208127,CLINICAL CARE Treatment Detox 4 x Beh.,KLAPP,CLINICAL CARE,HC307,,,true
2736366,4250254208677,CC Gel Surg. 3in1 Enzyme Exfoliator 200 ml,KLAPP,CLINICAL CARE,HC308,,,true
2736367,4250094947699,CollaGen Probensaché,KLAPP,COLLAGEN,2053,,,true
2736368,4250094949549,CollaGen 24h Creme rich 50 ml,KLAPP,COLLAGEN,2056,,,true
2736369,4250094947453,CollaGen 24h Creme 50 ml,KLAPP,COLLAGEN,2050,,,true
2736370,4250094947460,CollaGen Starterset,KLAPP,COLLAGEN,2051,0,,true
2736371,4250094947477,CollaGen Refill Set,KLAPP,COLLAGEN,2052,,,true
2736372,4250094949365,CollaGen Eye Care Cream 20 ml,KLAPP,COLLAGEN,2054,,,true
2736373,4250094953812,CS III 3 Step Home Treatment 3 Beh.,KLAPP,CS III COLLAGEN STIMULATION,1546L,,,true
2736374,4250094982140,CS III 3 Step Home Treatment 3 Beh.,KLAPP,CS III COLLAGEN STIMULATION,1546,,,true
2736375,4250094941864,CS III Treatment 1 x Beh.,KLAPP,CS III COLLAGEN STIMULATION,544,,,true
2736376,4250094936716,CS III CREAMFLUID EYEZONE 20 ml,KLAPP,CS III COLLAGEN STIMULATION,1540,,,true
2736377,4250094936730,CS III Gel Timeless Transfer Lift 50 ml,KLAPP,CS III COLLAGEN STIMULATION,1541,,,true
2736378,4250094936747,CS III Cream 50 ml,KLAPP,CS III COLLAGEN STIMULATION,1542,,,true
2736379,4250094936754,CS III Creamfluid Eyezone 20 ml,KLAPP,CS III COLLAGEN STIMULATION,540,,,true
2736380,4250094936761,CS III Gel Timeless Transfer Lift 50 ml,KLAPP,CS III COLLAGEN STIMULATION,541,,,true
2736381,4250094936778,CS III Cream 50 ml,KLAPP,CS III COLLAGEN STIMULATION,542,,,true
2736382,4250094964542,Cuvée Prestige Treatment Set,KLAPP,CUVÉE PRESTIGE,GK500,,,true
2736383,4250094963613,CUVEE PRESTIGE Mousse Facial Cleansing 2in1 100 ml,KLAPP,CUVÉE PRESTIGE,GK5000,,,true
2736384,4250094963620,CUVEE PRESTIGE Mousse 24h Cream 50 ml,KLAPP,CUVÉE PRESTIGE,GK5001,,,true
2736385,4250094963637,CUVEE PRESTIGE Mousse 24h Cream Rich 50 ml,KLAPP,CUVÉE PRESTIGE,GK5002,,,true
2736386,4250094963644,CUVEE PRESTIGE Concentrate Luminous Serum 50 ml,KLAPP,CUVÉE PRESTIGE,GK5003,,,true
2736387,4250094963651,CUVEE PRESTIGE Eye Care Soft 15 ml,KLAPP,CUVÉE PRESTIGE,GK5004,,,true
2736388,4250094963668,CUVEE PRESTIGE Mousse Neck & Décolleté 50 ml,KLAPP,CUVÉE PRESTIGE,GK5005,,,true
2736389,4250094963675,Cell Pro Balancing Face Cream,KLAPP,Cell Pro,C9001,2,1,true
2736390,4250094963682,Cell Pro Balancing Serum,KLAPP,Cell Pro,C9002,6,1,true
2736391,4250094963699,Cell Pro Firming Face Cream,KLAPP,Cell Pro,C9003,3,1,true
2736392,4250094963729,Cell Pro Lifting Serum,KLAPP,Cell Pro,C9006,7,1,true
2736394,4250094950255,DIAMOND Serum Concentrate 50 ml,KLAPP,DIAMOND,4050,,,true
2736395,4250094950590,DIAMOND Eye Care Cream 15 ml,KLAPP,DIAMOND,4053,,,true
2736396,4250094951948,DIAMOND Treatment,KLAPP,DIAMOND,428,,,true
2736397,4250094951962,"DIAMOND Day & Night Cream 1,5 ml",KLAPP,DIAMOND,4057,,,true
2736398,4250094950811,DIAMOND Day & Night Cream 50 ml,KLAPP,DIAMOND,4054,1,,true
2736399,4250094953768,DIAMOND Treatment,KLAPP,DIAMOND,428L,,,true
2736400,4250094953867,DIAMOND Serum Concentrate 50 ml,KLAPP,DIAMOND,4050L,,,true
2736401,4250094953874,DIAMOND Eye Care Cream 15 ml,KLAPP,DIAMOND,4053L,,,true
2736402,4250094953881,DIAMOND Day & Night Cream 50 ml,KLAPP,DIAMOND,4054L,,,true
2736403,4250094950248,Age Return Carboxy Therapy Treatment,KLAPP,ERGÄNZUNGSPRODUKTE,304,,,true
2736404,4250094961077,Mask Hydra Flash 1 Stück,KLAPP,ERGÄNZUNGSPRODUKTE,4120,,,true
2736405,4250094947422,Glam Stripes 2 x 2 Stück Ergänzungsprodukte,KLAPP,ERGÄNZUNGSPRODUKTE,4122,,,true
2736406,4250094927431,Mask Refining 100 ml,KLAPP,ERGÄNZUNGSPRODUKTE,110,,,true
2736407,4250094912437,Massagecreme 250 ml,KLAPP,ERGÄNZUNGSPRODUKTE,705,,,true
2736408,4250094912239,Mask Hydra Flash 5Stück / Neue Mask 2018,KLAPP,ERGÄNZUNGSPRODUKTE,412,,,true
2736409,4250094999742,eyeTECH Eyebrow Booster Serum 8 ml,KLAPP,eyeTECH,5100,,,true
2736410,4250094999759,eyeTECH Lash Booster Serum 8 ml,KLAPP,eyeTECH,5101,,,true
2736411,4250094999766,eyeTECH Star Fresh Work Out Fluid 15 ml,KLAPP,eyeTECH,5102,,,true
2736412,4250094947712,Golden Glow Mask,KLAPP,GOLDEN GLOW MASK,800,,,true
2736413,4250254208233,HC3 SKINSHOOTER Gerät,KLAPP,HC3 SKINSHOOTER,HC105,,,true
2736414,4250094934095,IONIC CLEANSE Ionisator 1 Stück,KLAPP,HC5 IONIC CLEANSER,20157,,,true
2736415,4250094934101,HC5 IONIC CLEANSER Fußwanne 1 Stück,KLAPP,HC5 IONIC CLEANSER,20158,,,true
2736416,4250094934149,HC5 IONIC CLEANSER Hygienebeutel 100 Stück,KLAPP,HC5 IONIC CLEANSER,20154,,,true
2736417,4250254201630,Selbstklebeelektroden (1 VPE = 4 Stk),KLAPP,HC5 IONIC CLEANSER,20151,,,true
2736418,4250254209896,HC7 Radiofrequenz,KLAPP,HC7 RADIO FREQUENZ THERMA LIFT,HC147,,,true
2736419,4250254209902,Radio Frequenz 50+ - Repairing Serum 4 x 6 ml,KLAPP,HC7 RADIO FREQUENZ THERMA LIFT,HC701,,,true
2736420,4250254209919,Radio Frequenz Aquafill-Moisturizing Serum 4x6 ml,KLAPP,HC7 RADIO FREQUENZ THERMA LIFT,HC702,,,true
2736421,4250254209926,Radio Frequenz Neck & Décolleté-PushUp Serum 4x6ml,KLAPP,HC7 RADIO FREQUENZ THERMA LIFT,HC703,,,true
2736422,4250254209933,Radio Frequenz Collagen - Rebuilding Serum 4x6 ml,KLAPP,HC7 RADIO FREQUENZ THERMA LIFT,HC704,,,true
2736423,4250254209940,Radio Frequenz Detox - Refreshing Serum 4 x 6 ml,KLAPP,HC7 RADIO FREQUENZ THERMA LIFT,HC705,,,true
2736424,4250254209964,Radio Frequenz Cleansing Treatment 4 Beh.,KLAPP,HC7 RADIO FREQUENZ THERMA LIFT,HC707,,,true
2736425,4250094953379,Radio Frequenz 50+ - Repairing Serum 4 x 6 ml,KLAPP,HC7 RADIO FREQUENZ THERMA LIFT,HC701,,,true
2736426,4250094953386,Radio Frequenz Collagen - Rebuilding Serum 4x6 ml,KLAPP,HC7 RADIO FREQUENZ THERMA LIFT,HC704,,,true
2736427,4250254210458,HC9 Colour-Light-Therapy Gerät Schwarz,KLAPP,HC9 COLOUR-LIGHT-THERAPY,HC192,,,true
2736428,4250094953287,Hot Chocolate Power Concentrate 3 x 2 ml,KLAPP,HOT CHOCOLATE,1080,,,true
2736429,4250094953294,Hyaluronic Colour &Care Foundat.Light Refill 15 ml,KLAPP,Hyaluronic Multi Level Performance,25600,0,,true
2736430,4250094953300,Hyaluronic Colour&Care Foundat.Medium Refill 15 ml,KLAPP,HYALURONIC,25610,,,true
2736431,4250094953317,HC & CC Foundat. Dark Refill 15 ml,KLAPP,HYALURONIC,25620,,,true
2736432,4250094952976,Hyaluronic Colour&Care Foundat. Light 15 ml,KLAPP,Hyaluronic Multi Level Performance,2560,0,,true
2736433,4250094952983,Hyaluronic Colour&Care Foundat. Medium 15 ml,KLAPP,Hyaluronic Multi Level Performance,2561,,,true
2736434,4250094952990,HC & CC Foundat. Dark 15 ml,KLAPP,HYALURONIC,2562,,,true
2736435,4250094947736,HYALURONIC Face Protection Cream SPF 15 30 ml,KLAPP,HYALURONIC,2557,0,,true
2736436,4250094979157,HYALURONIC Power Set,KLAPP,HYALURONIC,2550,0,,true
2736437,4250094910112,HYALURONIC Mask 50 ml,KLAPP,HYALURONIC,2536,1,,true
2736438,4250094967109,HYALURONIC Care Eye Roll-on 10 ml,KLAPP,HYALURONIC,2538,0,,true
2736439,4250094967246,HYALURONIC Mask 250 ml,KLAPP,HYALURONIC,551,1,,true
2736440,4250094960681,HYALURONIC Treatment 1 x Beh.,KLAPP,HYALURONIC,533,,,true
2736441,4250094959579,"Hyaluronic Proben Cream Day & Night 1,5 ml",KLAPP,HYALURONIC,9036,,,true
2736442,4250094959586,"Hyaluronic Proben Serum Day & Night 1,5 ml",KLAPP,HYALURONIC,9037,,,true
2736443,4250094960056,HYALURONIC Cream Day & Night 50 ml,KLAPP,HYALURONIC,2530,2,1,true
2736444,4250094960063,HYALURONIC Serum Day & Night 50 ml,KLAPP,HYALURONIC,2531,,,true
2736445,4250094960070,HYALURONIC Set Cream Day & Night 50ml & Serum 50ml,KLAPP,HYALURONIC,2532,-1,,true
2736446,4250094905392,IMMUN Concentrate Aloe Vera Super Moisturizer 50ml,KLAPP,IMMUN,1716,,,true
2736447,4250094900229,IMMUN Couperose Serum 30 ml,KLAPP,IMMUN,1715,4,,true
2736448,4250094900168,IMMUN Cream Daily Protection 50 ml,KLAPP,IMMUN,1706,1,,true
2736449,4250094900175,IMMUN Cream Night Defense 50 ml,KLAPP,IMMUN,1707,,,true
2736450,4250094900182,IMMUN Cream Repair Concentrate 50 ml,KLAPP,IMMUN,1708,,,true
2736451,4250094900199,IMMUN Gel Gentle Eye Protection 30 ml,KLAPP,IMMUN,1711,,,true
2736452,4250094900205,IMMUN Gel Radical Moist Complex 50 ml,KLAPP,IMMUN,1713,0,,true
2736453,4250094900151,IMMUN Cream Anti-Stress Pack 50 ml,KLAPP,IMMUN,1703,1,,true
2736454,4250094912956,IMMUN Cream Daily Protection 100 ml,KLAPP,IMMUN,706,,,true
2736455,4250094912963,IMMUN Cream Night Defense 100 ml,KLAPP,IMMUN,707,,,true
2736456,4250094912970,IMMUN Cream Repair Concentrate 100 ml,KLAPP,IMMUN,709,,,true
2736457,4250094912987,IMMUN Cream Anti-Stress Pack 250 ml,KLAPP,IMMUN,718,,,true
2736458,4250094958404,IMMUN Treatment Hydra Collagen Silk Intens. 1xBeh.,KLAPP,IMMUN,710,,,true
2736459,4250094989293,IMMUN Patch Décolleté 1 Stück,KLAPP,IMMUN,1719,,,true
2736460,4250094946104,IMMUN Couperose Cream 30 ml,KLAPP,IMMUN,1705,1,,true
2736461,4250094946128,IMMUN SOS Balm 30 ml,KLAPP,IMMUN,1701,,,true
2736462,4250094948030,"IMMUN Gel Gentle Eye Protection Probe 1,5 ml",KLAPP,IMMUN,7711,,,true
2736463,4250094948047,"IMMUN Cream Repair Concentrate Probe 1,5 ml",KLAPP,IMMUN,7708,,,true
2736464,4250094947583,"IMMUN SUN Face Protection Cream SPF 30, 50 ml",KLAPP,IMMUN SUN,1757,0,,true
2736465,4250094947590,IMMUN SUN Repair Concentrate 30 ml,KLAPP,IMMUN SUN,1758,,,true
2736466,4250094952266,IMMUN SUN Protection Stick SPF 50,KLAPP,IMMUN SUN,1759,,,true
2736467,4250094953423,"Sonnenschutzcreme Face SPF 30, Tube 50 ml",KLAPP,IMMUN SUN,1766,,,true
2736468,4250094953430,"Sonnenschutzcreme Face SPF 50, Tube 50 ml",KLAPP,IMMUN SUN,1767,-2,,true
2736469,4250094953447,"Sonnenschutzcreme Face getönt SPF 50, Tube 50 ml",KLAPP,IMMUN SUN,1768,,,true
2736470,4250094953454,Sonnenschutzcreme Body Spray SPF 50 200ml,KLAPP,IMMUN SUN,1769,,,true
2736471,4250094953461,"Sonnenschutzcreme Body Lotion SPF 30 , Tube 200 ml",KLAPP,IMMUN SUN,1778,,,true
2736472,4250094953478,"After Sun, Tube 200 ml",KLAPP,IMMUN SUN,1779,,,true
2736473,4250094945220,"IMMUN SUN Face Protection Cream SPF 50, 50 ml",KLAPP,IMMUN SUN,1742,,,true
2736474,4250094945244,"IMMUN SUN Face Foundation Cream SPF 50, 50 ml",KLAPP,IMMUN SUN,1744,,,true
2736475,4250094945251,"IMMUN SUN BODY PROTECTION SPRAY SPF 50, 200 ml",KLAPP,IMMUN SUN,1745,,,true
2736476,4250094945268,"IMMUN SUN Body Protection Cream SPF 50, 200 ml",KLAPP,IMMUN SUN,1746,,,true
2736477,4250094945275,IMMUN SUN After Sun Aloe Vera Mist 200 ml,KLAPP,IMMUN SUN,1747,,,true
2736478,4250094945282,IMMUN SUN After Sun Aloe Vera Cream-Gel 200 ml,KLAPP,IMMUN SUN,1748,1,,true
2736479,4250094977702,KIWICHA Night Cream 50 ml,KLAPP,KIWICHA,2703,,,true
2736480,4250094977719,KIWICHA Eye Contour Cream 15 ml,KLAPP,KIWICHA,2704,,,true
2736481,4250094977726,KIWICHA Inca Gold Elixir 15 ml,KLAPP,KIWICHA,2705,,,true
2736482,4250094953898,MASK.LAB Collagen Lifting Mask,KLAPP,MASK.LAB,5105L,,,true
2736483,4250094953904,MASK.LAB Hyaluron Push up Mask,KLAPP,MASK.LAB,5106L,,,true
2736484,4250094953911,MASK.LAB Vitamin A/C Mask,KLAPP,MASK.LAB,5107L,,,true
2736485,4250094953928,MASK.LAB Aloe Vera Moisturizing Mask,KLAPP,MASK.LAB,5108L,,,true
2736486,4250094953935,MASK.LAB Caviar Balance Mask 3 Stück,KLAPP,MASK.LAB,5109L,,,true
2736487,4250094953942,MASK.LAB Hyaluron 7 Intensive Moisturizing Mask 3x,KLAPP,MASK.LAB,5110L,5,,true
2736488,4250094950828,MASK.LAB Caviar Balance Mask 3 Stück,KLAPP,MASK.LAB,5109,0,,true
2736489,4250094950835,MASK.LAB Hyaluron 7 Intensive Moisturizing Mask 3x,KLAPP,MASK.LAB,5110,-5,,true
2736490,4250094947545,MASK.LAB Collagen Lifting Mask,KLAPP,MASK.LAB,5105,,,true
2736491,4250094947552,MASK.LAB Hyaluron Push up Mask,KLAPP,MASK.LAB,5106,,,true
2736492,4250094947569,MASK.LAB Vitamin A/C Mask,KLAPP,MASK.LAB,5107,,,true
2736493,4250094947576,MASK.LAB Aloe Vera Moisturizing Mask,KLAPP,MASK.LAB,5108,,,true
2736494,4250094977184,"MEN Probe Cream All Day Long 24h Hydro 1,5 ml",KLAPP,MEN,7365,,,true
2736495,4250094975050,MEN Fluid Moist & Matt Oilfree 50 ml,KLAPP,MEN,4360,,,true
2736496,4250094975067,MEN Cream All Day Long 24h Hydro 50 ml,KLAPP,MEN,4361,0,,true
2736497,4250094975074,MEN Serum Hangover Age Fight 50 ml,KLAPP,MEN,4362,,,true
2736498,4250094975081,MEN Concentrate Soft & Smooth Beard & Skin 30 ml,KLAPP,MEN,4363,,,true
2736499,4250094981983,POWER EFFECT Bi-Phase Serum +RETINOL 25 x 1 ml,KLAPP,POWER EFFECT BI-PHASE SERUM AMPULLEN,711,,,true
2736500,4250094981990,POWER EFFECT Bi-Phase Serum +HYALURON 25 x 1 ml,KLAPP,POWER EFFECT BI-PHASE SERUM AMPULLEN,712,,,true
2736501,4250094982003,POWER EFFECT Bi-Phase Serum +VITAMIN C 25 x 1 ml,KLAPP,POWER EFFECT BI-PHASE SERUM AMPULLEN,713,,,true
2736502,4250094995874,POWER EFFECT Bi-Phase Serum +Collagen 25 x 1 ml,KLAPP,POWER EFFECT BI-PHASE SERUM AMPULLEN,741,,,true
2736503,4250094995881,POWER EFFECT Bi-Phase Serum +Oxygen 25 x 1 ml,KLAPP,POWER EFFECT BI-PHASE SERUM AMPULLEN,742,,,true
2736504,4250094946012,POWER EFFECT Bi-Phase Serum +RETINOL 10 x 1 ml,KLAPP,POWER EFFECT BI-PHASE SERUM AMPULLEN,743,,,true
2736505,4250094946029,POWER EFFECT Bi-Phase Serum +HYALURON 10 x 1 ml,KLAPP,POWER EFFECT BI-PHASE SERUM AMPULLEN,744,,,true
2736506,4250094946036,POWER EFFECT Bi-Phase Serum +VITAMIN C 10 x 1 ml,KLAPP,POWER EFFECT BI-PHASE SERUM AMPULLEN,745,,,true
2736507,4250094946050,POWER EFFECT Bi-Phase Serum +Collagen 10 x 1 ml,KLAPP,POWER EFFECT BI-PHASE SERUM AMPULLEN,747,,,true
2736508,4250094946067,POWER EFFECT Bi-Phase Serum +Oxygen 10 x 1 ml,KLAPP,POWER EFFECT BI-PHASE SERUM AMPULLEN,748,,,true
2736509,4250094948276,Power Effect Bi-Phase 3er Ampullen Retinol,KLAPP,POWER EFFECT BI-PHASE SERUM AMPULLEN,7471,,,true
2736510,4250094948283,Power Effect Bi-Phase 3er Ampullen Hyaluron,KLAPP,POWER EFFECT BI-PHASE SERUM AMPULLEN,7472,,,true
2736511,4250094948290,Power Effect Bi-Phase 3er Ampullen Vitamin C,KLAPP,POWER EFFECT BI-PHASE SERUM AMPULLEN,7473,,,true
2736512,4250094948306,Power Effect Bi-Phase 3er Ampullen Regestril,KLAPP,POWER EFFECT BI-PHASE SERUM AMPULLEN,7474,,,true
2736513,4250094948313,Power Effect Bi-Phase 3er Ampullen Collagen,KLAPP,POWER EFFECT BI-PHASE SERUM AMPULLEN,7475,,,true
2736514,4250094948320,Power Effect Bi-Phase 3er Ampullen Oxygen,KLAPP,POWER EFFECT BI-PHASE SERUM AMPULLEN,7476,,,true
2736515,4250094913342,PSC Clearing Sebum Mask 150 ml,KLAPP,PSC PROBLEM SKIN CARE,116,,,true
2736516,4250094913311,PSC Sebum Cleansing Lotion 150 ml,KLAPP,PSC PROBLEM SKIN CARE,113,,,true
2736517,4250094913328,PSC Tonic Active Sebum Reducer 150 ml,KLAPP,PSC PROBLEM SKIN CARE,114,,,true
2736518,4250094913335,PSC Lotion Oil Free 75 ml,KLAPP,PSC PROBLEM SKIN CARE,115,,,true
2736519,4250094913359,PSC Mask Peel Off Clearing 100 ml,KLAPP,PSC PROBLEM SKIN CARE,117,,,true
2736520,4250094911492,PSC Sebum Cleansing Lotion 125 ml,KLAPP,PSC PROBLEM SKIN CARE,1113,4,,true
2736521,4250094911508,PSC Active Sebum Reducer Tonic 125 ml,KLAPP,PSC PROBLEM SKIN CARE,1114,0,,true
2736522,4250094911515,PSC Oil Free Lotion 30 ml,KLAPP,PSC PROBLEM SKIN CARE,1115,1,,true
2736523,4250094911522,PSC Anti Septic Lotion 125 ml,KLAPP,PSC PROBLEM SKIN CARE,1118,0,,true
2736524,4250094941598,Repagen BODY Ultrasonic,KLAPP,REPAGEN BODY,468,,,true
2736525,4250094946579,REPAGEN BODY Body Box Deluxe,KLAPP,REPAGEN BODY,5155,,,true
2736526,4250094946586,REPAGEN BODY Body Box Shape,KLAPP,REPAGEN BODY,5156,,,true
2736527,4250094946593,REPAGEN BODY Body Box Slim,KLAPP,REPAGEN BODY,5157,,,true
2736528,4250094946654,REPAGEN BODY Ionic Brush,KLAPP,REPAGEN BODY,5158,,,true
2736529,4250094946678,REPAGEN Body Cinnamon Cream 1.000 ml,KLAPP,REPAGEN BODY,867,,,true
2736530,4250094945756,Repagen Body Firming Lotion 250 ml,KLAPP,REPAGEN BODY,851,0,,true
2736531,4250094945763,Repagen Body Thermo Gel 250 ml,KLAPP,REPAGEN BODY,852,,,true
2736532,4250094945770,Repagen Body Moisturizing Hand Mask 10 Stück,KLAPP,REPAGEN BODY,853,,,true
2736533,4250094947385,Repagen Body Moisturizing Foot Mask 10 Stück,KLAPP,REPAGEN BODY,854,0,,true
2736534,4250094945800,REPAGEN BODY Slimming Body Plast 3.000 g,KLAPP,REPAGEN BODY,856,,,true
2736535,4250094945817,REPAGEN BODY Algae Gel 1.000 ml,KLAPP,REPAGEN BODY,857,,,true
2736536,4250094945824,REPAGEN BODY Algae Body Pack 5.000 g,KLAPP,REPAGEN BODY,858,,,true
2736537,4250094945855,Repagen Body Body-Feel-Well-Folie 1 Stück,KLAPP,REPAGEN BODY,861,,,true
2736538,4250094945862,Repagen Body Relaxing Vlies 1 Stück,KLAPP,REPAGEN BODY,862,,,true
2736539,4250094945886,Repagen Body Body Bandage Coffee 1 Stück,KLAPP,REPAGEN BODY,864,,,true
2736540,4250094945893,Repagen Body Body Bandage Slim 1 Stück,KLAPP,REPAGEN BODY,865,,,true
2736541,4250094945909,REPAGEN BODY Luxury Cream 200 ml,KLAPP,REPAGEN BODY,5146,,,true
2736542,4250094945916,REPAGEN BODY Cinnamon Cream 200 ml,KLAPP,REPAGEN BODY,5147,,,true
2736543,4250094945923,REPAGEN BODY AHA Body Exfoliator 200 ml,KLAPP,REPAGEN BODY,5148,,,true
2736544,4250094945947,REPAGEN BODY Body Scrub 200 ml,KLAPP,REPAGEN BODY,5150,,,true
2736545,4250094945954,REPAGEN BODY Firming Lotion 200 ml,KLAPP,REPAGEN BODY,5151,,,true
2736546,4250094945961,REPAGEN BODY Thermo Gel 200 ml,KLAPP,REPAGEN BODY,5152,,,true
2736547,4250094945978,REPAGEN BODY Anti-Aging Moisturizing Hand Mask 3x,KLAPP,REPAGEN BODY,5153,1,,true
2736548,4250094945985,REPAGEN BODY Moisturizing Foot Mask 3 Stück,KLAPP,REPAGEN BODY,5154,-1,,true
2736549,4250094985905,REPAGEN EXCLUSIVE Hand Care Cream 75 ml,KLAPP,REPAGEN EXCLUSIVE,4310,0,,true
2736550,4250094971342,"REPAGEN EXCL. Probe Cream Global Anti-Age 1,5 ml",KLAPP,REPAGEN EXCLUSIVE,9512,,,true
2736551,4250094971366,"REPAGEN EXCL. Probe Serum 1,5 ml",KLAPP,REPAGEN EXCLUSIVE,9514,,,true
2736552,4250094975593,REPAGEN EXCL. Treatment Face strong 1 x Beh.,KLAPP,REPAGEN EXCLUSIVE,307,,,true
2736553,4250094975609,REPAGEN EXCL. Treatment Face light 1 x Beh.,KLAPP,REPAGEN EXCLUSIVE,308,,,true
2736554,4250094970079,REPAGEN EXCLUSIVE Serum 50 ml,KLAPP,REPAGEN EXCLUSIVE,4308,1,1,true
2736555,4250094964412,REPAGEN EXCLUSIVE Cream Global Anti-Age 50 ml,KLAPP,REPAGEN EXCLUSIVE,4306,6,1,true
2736556,4250094964429,REPAGEN EXCLUSIVE Cream Rich Eye Care 15 ml,KLAPP,REPAGEN EXCLUSIVE,4307,-1,,true
2736557,4250094949860,REPAGEN® HYALURON SELECTION 7 Treatment,KLAPP,REPAGEN HYALURON SELECTION 7,703,,,true
2736558,4250094950040,REPAGEN® HYALURON SELECTION 7_24h Hydra Cream 50ml,KLAPP,REPAGEN HYALURON SELECTION 7,7201,0,,true
2736559,4250094950057,REPAGEN® HYALURON SELECTION 7_Hydra Fluid 30 ml,KLAPP,REPAGEN HYALURON SELECTION 7,7202,0,,true
2736560,4250094950064,REPAGEN® HS7_Hydra Eye Care Cream 20ml,KLAPP,REPAGEN HYALURON SELECTION 7,7203,2,,true
2736561,4250094949495,"REPAGEN® HS7_24h Hydra Cream 1,5ml",KLAPP,REPAGEN HYALURON SELECTION 7,7204,,,true
2736562,4250094953744,REPAGEN® HYALURON SELECTION 7 Treatment,KLAPP,REPAGEN HYALURON SELECTION 7,703L,,,true
2736563,4250094951580,SanyShield Hygiene Handgel 500 ml,KLAPP,SanyShield,471,,,true
2736564,4250094947538,SanyShield Hygiene Handgel 100 ml,KLAPP,SanyShield,4123,,,true
2736565,4250094989958,SEA DELIGHT - Serum 50 ml,KLAPP,SEA DELIGHT,3454,,,true
2736566,4250094989965,SEA DELIGHT - Eye Care Mousse 15 ml,KLAPP,SEA DELIGHT,3455,,,true
2736567,4250094990152,SEA DELIGHT Booster Concentrate Orange-Coral 30 ml,KLAPP,SEA DELIGHT,981,,,true
2736568,4250094994662,SEA DELIGHT - Soft Body Peeling Blue-Lagoon 150 ml,KLAPP,SEA DELIGHT,3467,,,true
2736569,4250094989187,SKIN BOOSTER Stem Cell Serum 15 ml,KLAPP,SKIN BOOSTER,1181,,,true
2736570,4250094989194,SKIN BOOSTER Moisturizer Serum 15 ml,KLAPP,SKIN BOOSTER,1182,,,true
2736571,4250094989217,SKIN BOOSTER Collagen Serum 15 ml,KLAPP,SKIN BOOSTER,1184,,,true
2736572,4250094989231,SKIN BOOSTER Peptide Serum 15 ml,KLAPP,SKIN BOOSTER,1186,,,true
2736573,4250094989347,SKIN NATURAL Aloe Vera Gel 50 ml,KLAPP,SKIN NATURAL,1190,3,2,true
2736574,4250094946166,"Skin Natural Aloe Vera Cream Probe 1,5 ml",KLAPP,SKIN NATURAL,1192,,,true
2736575,4250094999735,SKIN NATURAL Aloe Vera Cream 50 ml,KLAPP,SKIN NATURAL,1191,2,1,true
2736576,4250094947484,SKIN NATURAL Aloe Vera Mousse Mask 50 ml,KLAPP,SKIN NATURAL,1193,,,true
2736577,4250094948337,Aloe Vera Hydra Boost Treatment,KLAPP,SKIN NATURAL,192,,,true
2736578,4250094947705,SKIN NATURAL Power Set,KLAPP,SKIN NATURAL,2556,2,,true
2736579,4250094951870,SKIN NATURAL Aloe Vera Mousse Mask 100 ml,KLAPP,SKIN NATURAL,194,,,true
2736580,4250094933548,SKINCONCELLULAR CONCENTRATE Calming 10 x 2 ml,KLAPP,SKINCONCELLULAR AMPOULES,390,,,true
2736581,4250094933555,SKINCONCELLULAR CONCENTRATE Couperose 10 x 2 ml,KLAPP,SKINCONCELLULAR AMPOULES,391,,,true
2736582,4250094933562,SKINCONCELLULAR CONCENTRATE Energy 10 x 2 ml,KLAPP,SKINCONCELLULAR AMPOULES,392,,,true
2736583,4250094933579,SKINCONCELLULAR CONCENTRATE Hydra 10 x 2 ml,KLAPP,SKINCONCELLULAR AMPOULES,393,1,,true
2736584,4250094933586,SKINCONCELLULAR CONCENTRATE Push Up 10 x 2 ml,KLAPP,SKINCONCELLULAR AMPOULES,394,1,,true
2736585,4250094933593,SKINCONCELLULAR CONCENTRATE Refiner 10 x 2 ml,KLAPP,SKINCONCELLULAR AMPOULES,395,,,true
2736586,4250094941987,SKINCONCELLULAR CARE Cream Moist 50 ml,KLAPP,SKINCONCELLULAR CARE,2505,1,,true
2736587,4250094941970,SKINCONCELLULAR CARE Cream Lipid 50 ml,KLAPP,SKINCONCELLULAR CARE,2504,,,true
2736588,4250094942007,SKINCONCELLULAR CARE Gel Eye Care 15 ml,KLAPP,SKINCONCELLULAR CARE,2507,,,true
2736589,4250094942014,SKINCONCELLULAR CARE Concentrate 30 ml,KLAPP,SKINCONCELLULAR CARE,2508,2,,true
2736590,4250094955465,SKINCONCELLULAR CARE Treatment 1 x Beh.,KLAPP,SKINCONCELLULAR CARE,396,,,true
2736591,4250094956141,STRI-PEXAN Serum Serpentine 30 ml,KLAPP,STRI-PEXAN,2018,2,,true
2736592,4250094947804,STRI-PEXAN Cream Neck & Décolleté Lifting 70 ml,KLAPP,STRI-PEXAN,2017,1,,true
2736593,4250254202507,"Stri-PeXan Intensivecream 1,5 ml Probe",KLAPP,STRI-PEXAN,82015,,,true
2736594,4250254200671,STRI-PEXAN Intensivecream 70 ml,KLAPP,STRI-PEXAN,2015,,,true
2736595,4250254200688,STRI-PEXAN Intensivecream Eye Care 20 ml,KLAPP,STRI-PEXAN,2016,2,1,true
2736596,4250254201616,STRI-PEXAN Treatment Face 1 x Beh.,KLAPP,STRI-PEXAN,20100,,,true
2736597,4250094995584,STRI-PEXAN Daily Power Concentrate 1 x 6 ml,KLAPP,STRI-PEXAN,2025,1,,true
2736598,4250094995607,STRI-PEXAN Daily Power Concentrate 4 x 6 ml,KLAPP,STRI-PEXAN,2026,,,true
2736599,4250094976644,STRI-PEXAN Patch Décolleté 3 Stück,KLAPP,STRI-PEXAN,20102,,,true
2736600,4250094937065,STRI-PEXAN PSC Tec. Treatment 1 x Beh.,KLAPP,STRI-PEXAN PHYTO STEM CELL TECHNOL.,225,,,true
2736601,4250094956783,Kittel Kasack weiss Gr. S,KLAPP,Werbemittel und Sonstige Ausstattung,9121,,,true
2736602,4250094956790,Kittel Kasack weiss Gr. M,KLAPP,Werbemittel und Sonstige Ausstattung,9122,,,true
2736603,4250094956806,Kittel Kasack weiss Gr. L,KLAPP,Werbemittel und Sonstige Ausstattung,9123,,,true
2736604,4250094956813,Kittel Kasack weiss Gr. XL,KLAPP,Werbemittel und Sonstige Ausstattung,9124,,,true
2736605,4250094986438,Kittel Kasack schwarz Größe S,KLAPP,Werbemittel und Sonstige Ausstattung,9134,,,true
2736606,4250094986445,Kittel Kasack schwarz Größe M,KLAPP,Werbemittel und Sonstige Ausstattung,9135,,,true
2736607,4250094986452,Kittel Kasack schwarz Größe L,KLAPP,Werbemittel und Sonstige Ausstattung,9136,,,true
2736608,4250094986469,Kittel Kasack schwarz Größe XL,KLAPP,Werbemittel und Sonstige Ausstattung,9138,,,true
2736609,4250094983406,Mustertiegel 5 g,KLAPP,Werbemittel und Sonstige Ausstattung,20000,,,true
2736610,4250094999582,X-TREME Skin Balm Classic Beige 30 ml,KLAPP,X-TREME,2004,,,true
2736611,4250094999599,X-TREME Skin Balm Light Beige 30 ml,KLAPP,X-TREME,2006,,,true
2736612,4250094930844,X-TREME Concentrate O² 10 x 2 ml,KLAPP,X-TREME,962,,,true
2736613,4250094930851,X-TREME MASK O² 250 ml,KLAPP,X-TREME,963,,,true
2736614,4250094931667,X-TREME Fluid Top Finish 30 ml,KLAPP,X-TREME,1967,,,true
2736615,4250094921408,X-TREME Cream Whitening Age Stop SPF25 30 ml,KLAPP,X-TREME,1953,,,true
2736616,4250094921415,X-TREME Cream Super Lipid 50 ml,KLAPP,X-TREME,1954,0,,true
2736617,4250094921385,X-TREME Serum Whitening Intensive 30 ml,KLAPP,X-TREME,1951,,,true
2736618,4250094921910,X-TREME Mask Skin Renovator 50 ml,KLAPP,X-TREME,1957,,,true
2736619,4250094921927,X-TREME Cream Lifting Day & Night 50 ml,KLAPP,X-TREME,1958,1,,true
2736620,4250094921934,X-TREME Mask Skin Renovator 250 ml,KLAPP,X-TREME,957,,,true
2736621,4250094921941,X-TREME Cream Lifting Day & Night 100 ml,KLAPP,X-TREME,958,,,true
2736622,4250094922092,X-TREME Cream Super Lipid 250 ml,KLAPP,X-TREME,954,,,true
2736623,4250094924843,X-TREME Treatment Hyaluron Infusion 1 x Beh.,KLAPP,X-TREME,660,,,true
2736624,4250094924867,X-TREME Cream-Gel Hydra Complete 50 ml,KLAPP,X-TREME,1960,,,true
2736625,4250094923808,"X-TREME Skin Renovator Mask Probe 1,5 ml",KLAPP,X-TREME,8957,,,true
2736626,4250094926403,X-TREME Cream-Gel Hydra Complete 100 ml,KLAPP,X-TREME,960,,,true
2736627,4250094992248,X-TREME Mattifying Cream 50 ml,KLAPP,X-TREME FOR OILY SKIN,1999,,,true
2736628,4250094993368,X-TREME REFINING GEL 200 ml,KLAPP,X-TREME FOR OILY SKIN,1929,,,true
2748013,34652,THEKENDISPLAY HANDPFLEGE LEER 1 ST,Alessandro,PFLEGE,34-652,,,true
2748014,77200,FARBKARTE NAGELLACK 100ER 1 ST,Alessandro,NAGELLACKE,77-200,,,true
2748015,100108,QUARTAMON MED (FLASCHE) 2 L,Alessandro,ZUBEHÖR,100108,,,true
2748016,107411,GIGASEPT INSTRU (FLASCHE) 2 L,Alessandro,ZUBEHÖR,107411,,,true
2748017,109157,ALE MIKROZID AF TÜCHER FÜR FLÄCHEN 200 ST,Alessandro,ZUBEHÖR,109157,,,true
2748018,109159,MIKROZID AF TÜCHER (NACHFÜLLUNG) 200 ST,Alessandro,ZUBEHÖR,109159,,,true
2748019,109301,MIKROZID AF LIQUID (FLASCHE) FÜR FLÄCHEN 1 L,Alessandro,ZUBEHÖR,109301,,,true
2748020,116602,ESEMTAN WASCHLOTION (SPENDERFLASCHE) 1 L,Alessandro,ZUBEHÖR,116602,,,true
2748021,116802,DESDERMAN PURE (FLASCHE) 500 ML,Alessandro,ZUBEHÖR,116802,,,true
2748022,120701,DESINFEKTIONSREINIGER AF (FLASCHE) 1 L,Alessandro,ZUBEHÖR,120701,,,true
2748023,121418,OCTENISEPT WUNDANTISEPTIK (SPRÜHFLASCHE) 50 ML,Alessandro,ZUBEHÖR,121418,,,true
2748024,140401,KODAN TÜCHER IN SPENDERDOSE 90 ST,Alessandro,ZUBEHÖR,140401,,,true
2748025,140402,KODAN TÜCHER (NACHFÜLLUNG) 90 ST,Alessandro,ZUBEHÖR,140402,,,true
2748026,144030,AUFBEWAHRUNGSDOSE DESINFEKTION 1 ST,Alessandro,ZUBEHÖR,144030,,,true
2748027,165715,MIKROZID SENSITIVE LIQUID (FLASCHE) 1 L,Alessandro,ZUBEHÖR,165715,,,true
2748028,180303,DOSIERPUMPE FÜR 500ML + 1L 1 ST,Alessandro,ZUBEHÖR,180303,,,true
2748029,70000038,MIKROZID UNIVERSAL TUECHER 100 ST,Alessandro,ZUBEHÖR,70000038,,,true
2748030,70001042,DESMANOL PURE GEL 500 ML,Alessandro,ZUBEHÖR,70001042,,,true
2748031,4011432981641,POSTERSCHIENEN 1 ST,Alessandro,MERCHANDISING,51-149,,,true
2748032,4025087010335,CAMOUFLAGE GEL SOFT BEIGE 15 G,Alessandro,MODELLAGEGELE,01-033,,,true
2748033,4025087010342,CAMOUFLAGE GEL NATURE ROSE 15 G,Alessandro,MODELLAGEGELE,01-034,,,true
2748034,4025087010359,CAMOUFLAGE GEL LIGHT PINK 15 G,Alessandro,MODELLAGEGELE,01-035,,,true
2748035,4025087010366,PEDI BUILD UP CLEAR 10ML,Alessandro,NATURNAGELVERSTÄRKUNG,01-036,,,true
2748036,4025087010373,PEDI BUILD UP ROSE 10ML,Alessandro,NATURNAGELVERSTÄRKUNG,01-037,,,true
2748037,4025087010380,PEDI BASE COAT 10ML 10 ML,Alessandro,HAFTVERMITTLER,01-038,0,,true
2748038,4025087010601,CAMOUFLAGE AUFBAUGEL ALTROSE 15G,Alessandro,MODELLAGEGELE,01-060,,,true
2748039,4025087010618,CAMOUFLAGE AUFBAUGEL ALTROSE 50G,Alessandro,MODELLAGEGELE,01-061,,,true
2748040,4025087010625,CAMOUFLAGE AUFBAUGEL NUDE 15G,Alessandro,MODELLAGEGELE,01-062,,,true
2748041,4025087010632,CAMOUFLAGE AUFBAUGEL NUDE 50G,Alessandro,MODELLAGEGELE,01-063,,,true
2748042,4025087010656,BOND ULTRA SOFT HAFTVERMITTLER 5 ML,Alessandro,HAFTVERMITTLER,01-065,,,true
2748043,4025087010663,RUBBERGEL WHITE 10ML,Alessandro,NATURNAGELVERSTÄRKUNG,01-066,,,true
2748044,4025087010670,RUBBERGEL CAMOUFLAGE 10ML,Alessandro,NATURNAGELVERSTÄRKUNG,01-067,,,true
2748045,4025087010687,RUBBERGEL MIKY ROSE 10ML,Alessandro,NATURNAGELVERSTÄRKUNG,01-068,,,true
2748046,4025087010700,FIBRE CLEAR 15G,Alessandro,NATURNAGELVERSTÄRKUNG,01-070,,,true
2748047,4025087010717,FIBRE CLEAR 50G,Alessandro,NATURNAGELVERSTÄRKUNG,01-071,,,true
2748048,4025087010724,FIBRE MILKY ROSE 15G,Alessandro,NATURNAGELVERSTÄRKUNG,01-072,,,true
2748049,4025087010731,FIBRE MILKY ROSE 50G,Alessandro,NATURNAGELVERSTÄRKUNG,01-073,,,true
2748050,4025087010977,COLOUR SYSTEM BASE 10ML 10ML,Alessandro,NATURNAGELVERSTÄRKUNG,01-097,,,true
2748051,4025087010984,FIBRE STREIFEN FEIN,Alessandro,NATURNAGELVERSTÄRKUNG,01-098,,,true
2748052,4025087011059,SOFT CODE CLEAR MONDSTEINSTAUB 15G 15 G,Alessandro,MODELLAGEGELE,01-105,,,true
2748053,4025087011066,SOFT CODE CLEAR MONDSTEINSTAUB 15G 50 G,Alessandro,MODELLAGEGELE,01-106,,,true
2748054,4025087011073,COLOUR SYSTEM BASE 30ML 30ML,Alessandro,NATURNAGELVERSTÄRKUNG,01-107,,,true
2748055,4025087011288,DIABONDS STRASSSTEINGEL 6 G,Alessandro,NAIL ART,01-128,,,true
2748056,4025087011974,GEL STICK DE LUXE 1 ST,Alessandro,ZUBEHÖR,01-197,,,true
2748057,4025087014807,CHAMPION'S CHOICE ROSA 50 G,Alessandro,MODELLAGEGELE,01-480,,,true
2748058,4025087014852,PREP & PRIME 10 ML,Alessandro,HAFTVERMITTLER,01-485,,,true
2748059,4025087014937,DUALTIPBOX 12 X 10 TIPS,Alessandro,NATURNAGELVERSTÄRKUNG,01-493,,,true
2748060,4025087015675,FIBRE FIBERGLAS GEL 10 ML,Alessandro,NATURNAGELVERSTÄRKUNG,01-567,,,true
2748061,4025087015682,FIBRE FIBERGLAS GEL 30 ML,Alessandro,NATURNAGELVERSTÄRKUNG,01-568,,,true
2748062,4025087016238,FILL UP GEL 50 G,Alessandro,MODELLAGEGELE,01-623,,,true
2748063,4025087016245,FIBRE BASE HAFTGEL 10 ML,Alessandro,NATURNAGELVERSTÄRKUNG,01-624,,,true
2748064,4025087016252,FIBRE TOP GLANZGEL 10 ML,Alessandro,NATURNAGELVERSTÄRKUNG,01-625,,,true
2748065,4025087016269,FIBRE MILKY 10 ML,Alessandro,NATURNAGELVERSTÄRKUNG,01-626,,,true
2748066,4025087016276,FIBRE MILKY ROSE 10 ML,Alessandro,NATURNAGELVERSTÄRKUNG,01-627,,,true
2748067,4025087016306,POWDER UP POWDER CLEAR 30 ML,Alessandro,NATURNAGELVERSTÄRKUNG,01-630,,,true
2748068,4025087016313,POWDER UP POWDER ROSE 30 ML,Alessandro,NATURNAGELVERSTÄRKUNG,01-631,,,true
2748069,4025087016320,POWDER UP POWDER NUDE 30 ML,Alessandro,NATURNAGELVERSTÄRKUNG,01-632,,,true
2748070,4025087016337,POWDER UP BOND 15 ML,Alessandro,NATURNAGELVERSTÄRKUNG,01-633,,,true
2748071,4025087016344,FIBRE NUDE 10 ML,Alessandro,NATURNAGELVERSTÄRKUNG,01-634,,,true
2748072,4025087016467,POWDER UP BASE STEP 1 14 ML,Alessandro,NATURNAGELVERSTÄRKUNG,01-646,,,true
2748073,4025087016474,POWDER UP ACTIVATOR STEP 2 15 ML,Alessandro,NATURNAGELVERSTÄRKUNG,01-647,,,true
2748074,4025087016481,POWDER UP FINISH STEP 3 14 ML,Alessandro,NATURNAGELVERSTÄRKUNG,01-648,,,true
2748075,4025087016498,POWDER UP REMOVER 125 ML,Alessandro,NATURNAGELVERSTÄRKUNG,01-649,,,true
2748076,4025087016504,POWDER UP BRUSH CLEANER 125 ML,Alessandro,NATURNAGELVERSTÄRKUNG,01-650,,,true
2748077,4025087018393,POLY ACRYL GEL PINSEL GR 4 KOLINSKY 1 ST,Alessandro,ZUBEHÖR,01-839,,,true
2748078,4025087018423,POLY ACRYL GEL PINSEL GR 6 KOLINSKY 1 ST,Alessandro,ZUBEHÖR,01-842,,,true
2748079,4025087018843,ACRYLOVE MILKY ROSE 50 G,Alessandro,NATURNAGELVERSTÄRKUNG,01-884,,,true
2748080,4025087018928,ACRYLOVE MILKY WHITE 50 G,Alessandro,NATURNAGELVERSTÄRKUNG,01-892,,,true
2748081,4025087018942,ACRYLOVE WHITE 50 G,Alessandro,NATURNAGELVERSTÄRKUNG,01-894,,,true
2748082,4025087018959,ACRYLOVE CAMOUFLAGE 50 G,Alessandro,NATURNAGELVERSTÄRKUNG,01-895,,,true
2748083,4025087018966,DAPPEN DISH 1 ST,Alessandro,NATURNAGELVERSTÄRKUNG,01-896,,,true
2748084,4025087018980,ALESSANDRO DEKO PAKET 2016 1 ST,Alessandro,MERCHANDISING,01-898,,,true
2748085,4025087019062,FRENCH GEL WHITE 15 G,Alessandro,MODELLAGEGELE,01-906,,,true
2748086,4025087019079,FRENCH GEL NATURAL WHITE 15 G,Alessandro,MODELLAGEGELE,01-907,,,true
2748087,4025087019086,FRENCH GEL SOFT WHITE 15 G,Alessandro,MODELLAGEGELE,01-908,,,true
2748088,4025087019390,FRENCH GEL REPAIR WHITE 15 G,Alessandro,MODELLAGEGELE,01-939,,,true
2748089,4025087019420,SOFT CODE 1 15 G,Alessandro,MODELLAGEGELE,01-942,,,true
2748090,4025087019437,SOFT CODE 2 50 G,Alessandro,MODELLAGEGELE,01-943,,,true
2748091,4025087019451,SOFT CODE 2 15 G,Alessandro,MODELLAGEGELE,01-945,,,true
2748092,4025087019468,SOFT CODE 3 50 G,Alessandro,MODELLAGEGELE,01-946,,,true
2748093,4025087019482,SOFT CODE 3 (FILL UP) 15 G,Alessandro,MODELLAGEGELE,01-948,,,true
2748094,4025087019499,SOFT CODE 3 (FILL UP) 50 G,Alessandro,MODELLAGEGELE,01-949,,,true
2748095,4025087019543,SOFT CODE ROSA 15 G,Alessandro,MODELLAGEGELE,01-954,,,true
2748096,4025087019550,SOFT CODE ROSA 50 G,Alessandro,MODELLAGEGELE,01-955,,,true
2748097,4025087019574,BOND SENSITIVE HAFTVERMITTLER 5 ML,Alessandro,HAFTVERMITTLER,01-957,,,true
2748098,4025087019598,"BOND ULTRA STRONG HAFTVERMITTLER 7,5 G",Alessandro,HAFTVERMITTLER,01-959,,,true
2748099,4025087020518,ERSATZRÖHRE F. ARBEITSPLATZLE PROFI LIGHT 20W 1 ST,Alessandro,GERÄTE,10-2051,,,true
2748100,4025087020938,FRENCH GEL SOFT WHITE PROBE 5 G,Alessandro,MODELLAGEGELE,02-093,,,true
2748101,4025087020945,SOFT CODE 3 (FILL UP) 5 G,Alessandro,MODELLAGEGELE,02-094,,,true
2748102,4025087020952,FX-ONE HARD GEL MILKY 5 G,Alessandro,MODELLAGEGELE,02-095,,,true
2748103,4025087020976,SOFT CODE ROSA 5 G,Alessandro,MODELLAGEGELE,02-097,,,true
2748104,4025087020990,CAMOUFLAGE GEL NATUR ROSE PROBE 5 G,Alessandro,MODELLAGEGELE,02-099,,,true
2748105,4025087024165,FX-ONE HARD GEL CRYSTAL CLEAR 15 G,Alessandro,MODELLAGEGELE,02-416,,,true
2748106,4025087024172,FX-ONE HARD GEL CRYSTAL CLEAR 50 G,Alessandro,MODELLAGEGELE,02-417,,,true
2748107,4025087024264,FX-ONE HARD GEL MILKY 15 G,Alessandro,MODELLAGEGELE,02-426,,,true
2748108,4025087024271,FX-ONE HARD GEL MILKY 50 G,Alessandro,MODELLAGEGELE,02-427,,,true
2748109,4025087024318,FX-ONE HARD GEL CAMOUFLAGE 15 G,Alessandro,MODELLAGEGELE,02-431,,,true
2748110,4025087024325,FX-ONE HARD GEL CAMOUFLAGE 50 G,Alessandro,MODELLAGEGELE,02-432,,,true
2748111,4025087024349,FX ONE HARDGEL CAMOUFLAGE 15G,Alessandro,MODELLAGEGELE,02-434,,,true
2748112,4025087024356,FX ONE HARDGEL CAMOUFLAGE 50G,Alessandro,MODELLAGEGELE,02-435,,,true
2748113,4025087024417,FX-ONE HARD GEL 15 G,Alessandro,MODELLAGEGELE,02-441,,,true
2748114,4025087024424,FX-ONE HARD GEL 50 G,Alessandro,MODELLAGEGELE,02-442,,,true
2748115,4025087024448,FX ONE HARDGEL CLEAR ROSE 15G,Alessandro,MODELLAGEGELE,02-444,,,true
2748116,4025087024455,FX ONE HARDGEL CLEAR ROSE 50G,Alessandro,MODELLAGEGELE,02-445,,,true
2748117,4025087024493,FX ONE HARDGEL ROSE GLAM (SHIMMER) 15G,Alessandro,MODELLAGEGELE,02-449,,,true
2748118,4025087024509,FX ONE HARDGEL ROSE GLAM (SHIMMER) 50G,Alessandro,MODELLAGEGELE,02-450,,,true
2748119,4025087024516,FX-ONE HARD GEL MILKY ROSE 15 G,Alessandro,MODELLAGEGELE,02-451,,,true
2748120,4025087024523,FX-ONE HARD GEL MILKY ROSE 50 G,Alessandro,MODELLAGEGELE,02-452,,,true
2748121,4025087024547,FX ONE HARDGEL MILKY ROSE 15G,Alessandro,MODELLAGEGELE,02-454,,,true
2748122,4025087024554,FX ONE HARDGEL MILKY ROSE 50G,Alessandro,MODELLAGEGELE,02-455,,,true
2748123,4025087024592,FX ONE HARDGEL MILKY 15G,Alessandro,MODELLAGEGELE,02-459,,,true
2748124,4025087024608,FX ONE HARDGEL MILKY 50G,Alessandro,MODELLAGEGELE,02-460,,,true
2748125,4025087028804,FARBKARTE FX-ONE COLOUR & GLOSS 60 1 ST,Alessandro,UV/LED FARBSYSTEME,02-880,,,true
2748126,4025087029016,FX-ONE C&G 901 BLOODY 6 ML,Alessandro,UV/LED FARBSYSTEME,02-901,,,true
2748127,4025087029023,FX-ONE C&G 902 FEEL SEXY 6 ML,Alessandro,UV/LED FARBSYSTEME,02-902,,,true
2748128,4025087029030,FX-ONE C&G 903 P.Y.HEELS ON 6 ML,Alessandro,UV/LED FARBSYSTEME,02-903,,,true
2748129,4025087029047,FX-ONE C&G 904 COCOLINA 6 ML,Alessandro,UV/LED FARBSYSTEME,02-904,,,true
2748130,4025087029054,FX-ONE C&G 905 TENDERNESS 6 ML,Alessandro,UV/LED FARBSYSTEME,02-905,,,true
2748131,4025087029061,FX-ONE C&G 906 COFFEE CREAM 6 ML,Alessandro,UV/LED FARBSYSTEME,02-906,,,true
2748132,4025087029078,FX-ONE C&G 907 ANGEL´S TOUCH 6 ML,Alessandro,UV/LED FARBSYSTEME,02-907,,,true
2748133,4025087029085,FX-ONE C&G 908 PEACE 6 ML,Alessandro,UV/LED FARBSYSTEME,02-908,,,true
2748134,4025087029092,FX-ONE C&G 909 DUSTY MORNING 6 ML,Alessandro,UV/LED FARBSYSTEME,02-909,,,true
2748135,4025087029108,FX-ONE C&G 910 KISS BANG LOVE 6 ML,Alessandro,UV/LED FARBSYSTEME,02-910,,,true
2748136,4025087029115,FX-ONE C&G 911 PETTY COAT 6 ML,Alessandro,UV/LED FARBSYSTEME,02-911,,,true
2748137,4025087029122,FX-ONE C&G 912 CRAZY MARY 6 ML,Alessandro,UV/LED FARBSYSTEME,02-912,,,true
2748138,4025087029139,FX-ONE C&G 913 BERRY KISS 6 ML,Alessandro,UV/LED FARBSYSTEME,02-913,,,true
2748139,4025087029146,FX-ONE C&G 914 STAGE DIVA 6 ML,Alessandro,UV/LED FARBSYSTEME,02-914,,,true
2748140,4025087029153,FX-ONE C&G 915 LILLY BILLY 8ML 6 ML,Alessandro,UV/LED FARBSYSTEME,02-915,,,true
2748141,4025087029160,FX-ONE C&G 916 LOST IN HEAVEN 6 ML,Alessandro,UV/LED FARBSYSTEME,02-916,,,true
2748142,4025087029177,FX-ONE C&G 922 HAPPY SHAKE 6 ML,Alessandro,UV/LED FARBSYSTEME,02-917,,,true
2748143,4025087029184,FX-ONE C&G 918 MALEDIVA 6 ML,Alessandro,UV/LED FARBSYSTEME,02-918,,,true
2748144,4025087029191,FX-ONE C&G 919 KISS MY LIPS 6 ML,Alessandro,UV/LED FARBSYSTEME,02-919,,,true
2748145,4025087029207,FX-ONE C&G 920 VIOLET VENUS 6 ML,Alessandro,UV/LED FARBSYSTEME,02-920,,,true
2748146,4025087029214,FX-ONE C&G 921 BLACK STARLIGHT 6 ML,Alessandro,UV/LED FARBSYSTEME,02-921,,,true
2748147,4025087029221,FX-ONE C&G 922 HAPPY SHAKE 6 ML,Alessandro,UV/LED FARBSYSTEME,02-922,,,true
2748148,4025087029238,FX-ONE C&G 923 TOUCH MY HANDS 6 ML,Alessandro,UV/LED FARBSYSTEME,02-923,,,true
2748149,4025087029245,FX-ONE C&G 924 LETS GET READY 6 ML,Alessandro,UV/LED FARBSYSTEME,02-924,,,true
2748150,4025087029252,FX-ONE C&G 925 HIT ME BABY 6 ML,Alessandro,UV/LED FARBSYSTEME,02-925,,,true
2748151,4025087029269,FX-ONE C&G 926 CAMERA ON! 6 ML,Alessandro,UV/LED FARBSYSTEME,02-926,,,true
2748152,4025087029276,FX-ONE C&G 927 PINKYLICIOUS 6 ML,Alessandro,UV/LED FARBSYSTEME,02-927,,,true
2748153,4025087029283,FX-ONE C&G 928 WHOOM 6 ML,Alessandro,UV/LED FARBSYSTEME,02-928,,,true
2748154,4025087029290,FX-ONE C&G 929 LETS PARTY 6 ML,Alessandro,UV/LED FARBSYSTEME,02-929,,,true
2748155,4025087029306,FX-ONE C&G 930 PRAY FOR FASHION 6 ML,Alessandro,UV/LED FARBSYSTEME,02-930,,,true
2748156,4025087029313,FX-ONE C&G 931 RAMBA ZAMBA 6 ML,Alessandro,UV/LED FARBSYSTEME,02-931,,,true
2748157,4025087029320,FX-ONE C&G 932 PINK CANDY 6 ML,Alessandro,UV/LED FARBSYSTEME,02-932,,,true
2748158,4025087029337,FX-ONE C&G 933 SWEET STRAWBERRY 6 ML,Alessandro,UV/LED FARBSYSTEME,02-933,,,true
2748159,4025087029344,FX-ONE C&G 934 CHERRY CHOCOLATE 6 ML,Alessandro,UV/LED FARBSYSTEME,02-934,,,true
2748160,4025087029351,FX-ONE C&G 935 RED CARPET DRESS 6 ML,Alessandro,UV/LED FARBSYSTEME,02-935,,,true
2748161,4025087029368,FX-ONE C&G 936 BEACH RED 6 ML,Alessandro,UV/LED FARBSYSTEME,02-936,,,true
2748162,4025087029375,FX-ONE C&G 937 PARADISE APPLE 6 ML,Alessandro,UV/LED FARBSYSTEME,02-937,,,true
2748163,4025087029382,FX-ONE C&G 938 LAVENDER TREE 6 ML,Alessandro,UV/LED FARBSYSTEME,02-938,,,true
2748164,4025087029399,FX-ONE C&G 939 BLUEBERRY MUFFIN 6 ML,Alessandro,UV/LED FARBSYSTEME,02-939,,,true
2748165,4025087029405,FX-ONE C&G 940 PURE WHITE 6 ML,Alessandro,UV/LED FARBSYSTEME,02-940,,,true
2748166,4025087029412,FX-ONE C&G 941 BLACK COW 6 ML,Alessandro,UV/LED FARBSYSTEME,02-941,,,true
2748167,4025087029429,FX-ONE C&G 942 COOL STUFF 6 ML,Alessandro,UV/LED FARBSYSTEME,02-942,,,true
2748168,4025087029436,FX-ONE C&G 943 WANNA MARRY YOU 6 ML,Alessandro,UV/LED FARBSYSTEME,02-943,,,true
2748169,4025087029443,FX-ONE C&G 944 MISS COOL RED 6 ML,Alessandro,UV/LED FARBSYSTEME,02-944,,,true
2748170,4025087029450,FX-ONE C&G 945 DARK NIGHT RED 6 ML,Alessandro,UV/LED FARBSYSTEME,02-945,,,true
2748171,4025087029467,FX-ONE C&G 946 HOT NEWS 6 ML,Alessandro,UV/LED FARBSYSTEME,02-946,,,true
2748172,4025087029474,FX-ONE C&G 947 ROSY KISS 6 ML,Alessandro,UV/LED FARBSYSTEME,02-947,,,true
2748173,4025087029481,FX-ONE C&G 948 JUICY ORANGE 6 ML,Alessandro,UV/LED FARBSYSTEME,02-948,,,true
2748174,4025087029498,FX-ONE C&G 949 MELTY GREY 6 ML,Alessandro,UV/LED FARBSYSTEME,02-949,,,true
2748175,4025087029504,FX-ONE C&G 950 CAN`T HOLD ME 6 ML,Alessandro,UV/LED FARBSYSTEME,02-950,,,true
2748176,4025087029511,FX-ONE C&G 951 CREMIA TOUCH 6 ML,Alessandro,UV/LED FARBSYSTEME,02-951,,,true
2748177,4025087029528,FX-ONE C&G 952 GIMME A KISS 6 ML,Alessandro,UV/LED FARBSYSTEME,02-952,,,true
2748178,4025087029535,FX-ONE C&G 953 FLAMED APRICOT 6 ML,Alessandro,UV/LED FARBSYSTEME,02-953,,,true
2748179,4025087029542,FX-ONE C&G 954 ROSY LOVE 6 ML,Alessandro,UV/LED FARBSYSTEME,02-954,,,true
2748180,4025087029559,FX-ONE C&G 955 LILAC MAUVE 6 ML,Alessandro,UV/LED FARBSYSTEME,02-955,,,true
2748181,4025087029566,FX-ONE C&G 956 BROWNY 6 ML,Alessandro,UV/LED FARBSYSTEME,02-956,,,true
2748182,4025087029573,FX-ONE C&G 957 PROUDLY PRESENT! 6 ML,Alessandro,UV/LED FARBSYSTEME,02-957,,,true
2748183,4025087029580,FX-ONE C&G 958 I`M BACK! 6 ML,Alessandro,UV/LED FARBSYSTEME,02-958,,,true
2748184,4025087029597,FX-ONE C&G 959 DISCO NIGHT 6 ML,Alessandro,UV/LED FARBSYSTEME,02-959,,,true
2748185,4025087029603,FX-ONE C&G 960 HIP TEENS BLUE 6 ML,Alessandro,UV/LED FARBSYSTEME,02-960,,,true
2748186,4025087029610,FX-ONE C&G 961 ALMOST NUDE 6 ML,Alessandro,UV/LED FARBSYSTEME,02-961,,,true
2748187,4025087029627,FX-ONE C&G 962 LIGHT LILAC 6 ML,Alessandro,UV/LED FARBSYSTEME,02-962,,,true
2748188,4025087029634,FX-ONE C&G 963 ICE CREAM 6 ML,Alessandro,UV/LED FARBSYSTEME,02-963,,,true
2748189,4025087029641,FX-ONE C&G 964 UNICORN CAKE 6 ML,Alessandro,UV/LED FARBSYSTEME,02-964,,,true
2748190,4025087029658,FX-ONE C&G 965 LAVENDER LEMONADE 6 ML,Alessandro,UV/LED FARBSYSTEME,02-965,,,true
2748191,4025087029665,FX-ONE C&G 966 BLUEBERRY SLUSH 6 ML,Alessandro,UV/LED FARBSYSTEME,02-966,,,true
2748192,4025087029672,FX-ONE C&G 967 CHEWING GUM 6 ML,Alessandro,UV/LED FARBSYSTEME,02-967,,,true
2748193,4025087029689,FX-ONE C&G 968 ARIEL´S FAVORITE 6 ML,Alessandro,UV/LED FARBSYSTEME,02-968,,,true
2748194,4025087029696,FX-ONE C&G 969 CLASSIC BLUE 6 ML,Alessandro,UV/LED FARBSYSTEME,02-969,,,true
2748195,4025087029702,FX-ONE C&G 970 BUSINESS QUEEN 6 ML,Alessandro,UV/LED FARBSYSTEME,02-970,,,true
2748196,4025087029719,FX-ONE C&G 971 CANDY LOVE 6 ML,Alessandro,UV/LED FARBSYSTEME,02-971,,,true
2748197,4025087029726,FX-ONE C&G 972 LOVE ON THE RISE 6 ML,Alessandro,UV/LED FARBSYSTEME,02-972,,,true
2748198,4025087029733,FX-ONE C&G 973 HOT LIPS 6 ML,Alessandro,UV/LED FARBSYSTEME,02-973,,,true
2748199,4025087029740,FX-ONE C&G 974 PAPARAZZI LIGHTS 6 ML,Alessandro,UV/LED FARBSYSTEME,02-974,,,true
2748200,4025087029757,FX-ONE C&G 975 MARYLIN´S KISS 6 ML,Alessandro,UV/LED FARBSYSTEME,02-975,,,true
2748201,4025087029764,FX-ONE C&G 976 RUBIN STAR 6 ML,Alessandro,UV/LED FARBSYSTEME,02-976,,,true
2748202,4025087029771,FX-ONE C&G 977 AWARD WINNING RED 6 ML,Alessandro,UV/LED FARBSYSTEME,02-977,,,true
2748203,4025087029788,FX-ONE C&G 978 DEEP LOVE 6 ML,Alessandro,UV/LED FARBSYSTEME,02-978,,,true
2748204,4025087029795,FX-ONE C&G 979 WILD PEACOCK 6 ML,Alessandro,UV/LED FARBSYSTEME,02-979,,,true
2748205,4025087029801,FX-ONE C&G 980 BLACK AMETHYS 6 ML,Alessandro,UV/LED FARBSYSTEME,02-980,,,true
2748206,4025087052175,HANDAUFLAGE WEISS LOGO 1 ST,Alessandro,ZUBEHÖR,05-217,-1,,true
2748207,4025087052274,ERSATZBEUTEL FÜR STAUBABSAUGUNGEN 1 ST,Alessandro,GERÄTE,05-227,,,true
2748208,4025087052441,NAIL BUFFER FINISH FEILE 10 ST,Alessandro,ZUBEHÖR,05-2241,,,true
2748209,4025087054001,KUNDENKARTEIKARTE DE 50 ST,Alessandro,MERCHANDISING,05-400,,,true
2748210,4025087055039,ALE HEISSLUFT STERILISATOR,Alessandro,GERÄTE,05-503,,,true
2748211,4025087055688,SORTIMENTSKASTEN HS FRENCH TIPS (GR. 1-10) 200 ST,Alessandro,ZUBEHÖR,05-568,,,true
2748212,4025087056517,NAGEL-REINIGER 500 ML,Alessandro,ZUBEHÖR,05-651,,,true
2748213,4025087056524,NAGEL-REINIGER 3 L,Alessandro,ZUBEHÖR,05-652,,,true
2748214,4025087056722,ARBEITSHANDSCHUHE GRÖSSE S (BAUMWOLLE) 1 PAAR,Alessandro,ZUBEHÖR,05-672,,,true
2748215,4025087056746,ARBEITSHANDSCHUHE GRÖSSE M (BAUMWOLLE) 1 PAAR,Alessandro,ZUBEHÖR,05-674,,,true
2748216,4025087056753,ARBEITSHANDSCHUHE GRÖSSE L (BAUMWOLLE) 1 PAAR,Alessandro,ZUBEHÖR,05-675,,,true
2748217,4025087057101,HYGIENEEINLAGEN LICHTHÄRTUNGSGERÄTE CHARISMA 50 ST,Alessandro,GERÄTE,05-710,,,true
2748218,4025087057125,TEFLONPUMPE 175 ML,Alessandro,ZUBEHÖR,05-712,,,true
2748219,4025087057408,ROSENHOLZSTÄBCHEN 12 ST,Alessandro,ZUBEHÖR,05-740,,,true
2748220,4025087057514,STAUBBÜRSTE PLEXI 1 ST,Alessandro,ZUBEHÖR,05-751,,,true
2748221,4025087057712,SKIN WRAP ROSA 1 ROLLE,Alessandro,ZUBEHÖR,05-771,,,true
2748222,4025087054278,"NAGELLACK KORREKTURSTIFT 4,5 ML",Alessandro,NAGELLACKE,05-925,2,,true
2748223,4025087061146,"CLEAR Ø 1,8mm 100 ST",Alessandro,NAIL ART,06-114,,,true
2748224,4025087061153,"MULTICOLOR Ø 1,8mm 100 ST",Alessandro,NAIL ART,06-115,,,true
2748225,4025087061160,"BLACK DIAMOND Ø 1,8mm 100 ST",Alessandro,NAIL ART,06-116,,,true
2748226,4025087061177,"SOFT GOLD Ø 1,8mm 100 ST",Alessandro,NAIL ART,06-117,,,true
2748227,4025087061184,"VINTAGE ROSE Ø 1,8mm 100 ST",Alessandro,NAIL ART,06-118,,,true
2748228,4025087061191,"CLEAR Ø 2,3mm 100 ST",Alessandro,NAIL ART,06-119,,,true
2748229,4025087061207,"MULTICOLOR Ø 2,3mm 100 ST",Alessandro,NAIL ART,06-120,,,true
2748230,4025087061214,"BLACK DIAMOND Ø 2,3mm 100 ST",Alessandro,NAIL ART,06-121,,,true
2748231,4025087061221,"SOFT GOLD Ø 2,3mm 100 ST",Alessandro,NAIL ART,06-122,,,true
2748232,4025087061238,"VINTAGE ROSE Ø 2,3mm 100 ST",Alessandro,NAIL ART,06-123,,,true
2748233,4025087064710,PINSEL TASCHE GROSS 1 ST,Alessandro,ZUBEHÖR,06-471,-2,,true
2748234,4025087066653,NAIL ART PINSEL PAINT 1 1 ST,Alessandro,ZUBEHÖR,06-665,,,true
2748235,4025087066660,NAIL ART PINSEL ONESTROKE GR 4 1 ST,Alessandro,ZUBEHÖR,06-666,,,true
2748236,4025087067179,GLITTER PUDER WHITE SNOW FEIN 6 G,Alessandro,NAIL ART,06-717,,,true
2748237,4025087067186,GLITTER PUDER WHITE SNOW GROB 6 G,Alessandro,NAIL ART,06-718,,,true
2748238,4025087067360,SHIMMER PIGMENT ROSE 2 G,Alessandro,NAIL ART,06-736,,,true
2748239,4025087067377,SHIMMER PIGMENT BLUE 2 G,Alessandro,NAIL ART,06-737,,,true
2748240,4025087067384,SHIMMER PIGMENT GREEN 2 G,Alessandro,NAIL ART,06-738,,,true
2748241,4025087070766,ERFRISCHUNGSTÜCHER 100 ST,Alessandro,PFLEGE,07-076,,,true
2748242,4025087070773,GLASSCHALE 1 ST,Alessandro,PFLEGE,07-077,,,true
2748243,4025087072302,NAGELLACK VERDÜNNER 10 ML,Alessandro,ZUBEHÖR,07-230,,,true
2748244,4025087074030,"NAIL POLISH REMOVER, ACETONFREI 500 ML",Alessandro,ZUBEHÖR,07-403,,,true
2748245,4025087074047,"NAIL POLISH REMOVER, ACETONFREI 3 L",Alessandro,ZUBEHÖR,07-404,,,true
2748246,4025087078038,SPA SENSATION PARAFFIN GERÄT 1 ST,Alessandro,PFLEGE,07-803,,,true
2748247,4025087078120,SPA SENSATION PARAFFIN HANDSCHUHE 36 PAAR,Alessandro,PFLEGE,07-812,,,true
2748248,4025087078137,SPA SENSATION PARAFFIN SOCKEN 36 PAAR,Alessandro,PFLEGE,07-813,,,true
2748249,4025087078144,SPA SENSATION PARAFFIN HANDSCHUHE 5 PAAR,Alessandro,PFLEGE,07-814,,,true
2748250,4025087078151,SPA SENSATION PARAFFIN SOCKEN 5 PAAR,Alessandro,PFLEGE,07-815,,,true
2748251,4025087084312,ALESSANDRO SPATEL GROSS 1 ST,Alessandro,ZUBEHÖR,08-431,,,true
2748252,4025087100654,FEUERZEUG 1 ST,Alessandro,MERCHANDISING,10-065,,,true
2748253,4025087100807,TERMINKARTEN DE 100 ST,Alessandro,MERCHANDISING,10-080,,,true
2748254,4025087100869,GESCHENKGUTSCHEINE DE 10 ST,Alessandro,MERCHANDISING,10-086,,,true
2748255,4025087100968,TRAGETASCHEN SSANDRO MINI 25 ST,Alessandro,MERCHANDISING,10-096,,,true
2748256,4025087100975,PROMOTION TRAGETASCHEN KLEIN 25 ST,Alessandro,MERCHANDISING,10-097,,,true
2748257,4025087102030,TREUEKARTE DE 100 ST,Alessandro,MERCHANDISING,10-203,,,true
2748258,4025087102054,ARBEITSPLATZLEUCHTE PROFI LIGHT 20W 1 ST,Alessandro,GERÄTE,10-205,,,true
2748259,4025087105789,TISCH ALESSA 1 ST,Alessandro,MÖBEL,10-578,,,true
2748260,4025087105802,TISCH STELLA 1 ST,Alessandro,MÖBEL,10-580,,,true
2748261,4025087107721,THEKE PINO 1 ST,Alessandro,MÖBEL,10-772,,,true
2748262,4025087107776,STANDDISPLAY CARA 1 ST,Alessandro,MÖBEL,10-777,,,true
2748263,4025087109107,TREUEKARTE NL 100 ST,Alessandro,MERCHANDISING,10-910,,,true
2748264,4025087110165,BIOBOOST SALESFOLDER DE/NL 1 ST,Alessandro,MODELLAGEGELE,11-016,,,true
2748265,4025087110172,BIOBOOST POSTER A1 1 ST,Alessandro,MODELLAGEGELE,11-017,,,true
2748266,4025087110974,GESCHENKTASCHE SCHWARZ 10 ST,Alessandro,MERCHANDISING,11-097,,,true
2748267,4025087110981,TRAGETASCHE GROSS 10 ST,Alessandro,MERCHANDISING,11-098,,,true
2748268,4025087112718,COLOUR POSTER DIN A1 1 ST,Alessandro,MERCHANDISING,11-271,,,true
2748269,4025087112725,CARE POSTER DIN A1 1 ST,Alessandro,MERCHANDISING,11-272,,,true
2748270,4025087115108,GESCHENKGUTSCHEINE NL 10 ST,Alessandro,MERCHANDISING,11-510,,,true
2748271,4025087115115,KUNDENKARTEIKARTE NL 50 ST,Alessandro,MERCHANDISING,11-511,,,true
2748272,4025087115122,TERMINKARTEN NL 100 ST,Alessandro,MERCHANDISING,11-512,,,true
2748273,4025087115627,GESCHENKVERPACKUNG NAGELLACK 5ML 15 ST,Alessandro,MERCHANDISING,11-562,,,true
2748274,4025087115634,GESCHENKVERPACKUNG NAGELLACK 10ML 15 ST,Alessandro,MERCHANDISING,11-563,,,true
2748275,4025087115641,NATUGEL POSTER A1 DE/NL 1 ST,Alessandro,NATURNAGELVERSTÄRKUNG,11-564,,,true
2748276,4025087115658,PROTECTING BASE GEL POSTER A1 DE/NL 1 ST,Alessandro,NATURNAGELVERSTÄRKUNG,11-565,,,true
2748277,4025087116501,KUGELSCHREIBER 1 ST,Alessandro,MERCHANDISING,11-650,,,true
2748278,4025087116518,THERMOBECHER 1 ST,Alessandro,MERCHANDISING,11-651,,,true
2748279,4025087116556,TROLLEY 1 ST,Alessandro,MERCHANDISING,11-655,,,true
2748280,4025087116563,EINKAUFSWAGENLÖSER 1 ST,Alessandro,MERCHANDISING,11-656,,,true
2748281,4025087116594,WANDUHR MIT ALESSANDRO LOGO 1 ST,Alessandro,MERCHANDISING,11-659,,,true
2748282,4025087116600,FUSSMATTE 50 x 70CM 1 ST,Alessandro,MERCHANDISING,11-660,,,true
2748283,4025087116624,SCHUERZE WEISS 1 ST,Alessandro,ZUBEHÖR,11-662,,,true
2748284,4025087116631,SCHUERZE SCHWARZ 1 ST,Alessandro,ZUBEHÖR,11-663,,,true
2748285,4025087116648,ALESSANDRO HANDTUCH WEISS 50X100CM 1 SZ,Alessandro,ZUBEHÖR,11-664,,,true
2748286,4025087116655,USB STICK 1 ST,Alessandro,MERCHANDISING,11-665,,,true
2748287,4025087116747,T-SHIRT GRÖSSE S 1 ST,Alessandro,MERCHANDISING,11-674,,,true
2748288,4025087116754,T-SHIRT GRÖSSE M 1 ST,Alessandro,MERCHANDISING,11-675,,,true
2748289,4025087116761,T-SHIRT GRÖSSE L 1 ST,Alessandro,MERCHANDISING,11-676,,,true
2748290,4025087116778,T-SHIRT GRÖSSE XL 1 ST,Alessandro,MERCHANDISING,11-677,,,true
2748291,4025087116792,UNTERSETZER 6 ST,Alessandro,MERCHANDISING,11-679,,,true
2748292,4025087117690,ÄTHERISCHES ÖL SANDELHOLZ 10 ML,Alessandro,PFLEGE,11-769,,,true
2748293,4025087117706,ÄTHERISCHES ÖL ZITRONE 10 ML,Alessandro,PFLEGE,11-770,,,true
2748294,4025087117713,ÄTHERISCHES ÖL YLANG YLANG 10 ML,Alessandro,PFLEGE,11-771,,,true
2748295,4025087119922,NOTIZBLOCK DIN A5 1 ST,Alessandro,MERCHANDISING,11-992,,,true
2748296,4025087119946,HANDGEPÄCKSTROLLEY 1 ST,Alessandro,MERCHANDISING,11-994,,,true
2748297,4025087200422,SCHLÜSSELBAND 1 ST,Alessandro,MERCHANDISING,20-042,,,true
2748298,4025087207636,POWDER UP STARTER KIT 1 ST,Alessandro,NATURNAGELVERSTÄRKUNG,20-763,,,true
2748299,4025087211213,PREMIUM STARTER KIT COLOUR SYSTEM BASE 1 ST,Alessandro,MODELLAGEGELE,21-121,,,true
2748300,4025087211220,PREMIUM STARTER KIT FX ONE HARDGEL 1 ST,Alessandro,MODELLAGEGELE,21-122,,,true
2748301,4025087211237,PREMIUM STARTER KIT FIBRE 1 ST,Alessandro,MODELLAGEGELE,21-123,,,true
2748302,4025087213378,REGENSCHIRM TRANSPARENT 1 ST,Alessandro,MERCHANDISING,21-337,,,true
2748303,4025087213828,NATUGEL STARTER SET 1 ST,Alessandro,NATURNAGELVERSTÄRKUNG,21-382,,,true
2748304,4025087216461,TISCH GALAXY 1 ST,Alessandro,MÖBEL,21-646,,,true
2748305,4025087216492,TISCH ALESSA FORTE X MIT STAUBABSAUGUNG 1 ST,Alessandro,MÖBEL,21-649,,,true
2748306,4025087216515,FOOT LOUNGE 1 ST,Alessandro,MÖBEL,21-651,,,true
2748307,4025087216522,ARBEITSWAGEN AUF ROLLEN 1 ST,Alessandro,MÖBEL,21-652,,,true
2748308,4025087216539,ARBEITSHOCKER ERGONOMISCH 1 ST,Alessandro,MÖBEL,21-653,,,true
2748309,4025087216546,FUSSPFLEGESTUHL 1 ST,Alessandro,MÖBEL,21-654,,,true
2748310,4025087216553,KOSMETIKLIEGE 1 ST,Alessandro,MÖBEL,21-655,,,true
2748311,4025087217024,ARBEITSSTUHL WEISS 1 ST,Alessandro,MÖBEL,21-702,,,true
2748312,4025087217031,BESUCHERSTUHL NETZ SCHWARZ 1 ST,Alessandro,MÖBEL,21-703,,,true
2748313,4025087217048,BESUCHERSTUHL NETZ WEISS 1 ST,Alessandro,MÖBEL,21-704,,,true
2748314,4025087217055,SATZ HARTBODENROLLEN 5 ST. 5 ST,Alessandro,MÖBEL,21-705,,,true
2748315,4025087217062,SATZ CHROMGLEITER 5 ST. 5 ST,Alessandro,MÖBEL,21-706,,,true
2748316,4025087217079,ARBEITSSTUHL SCHWARZ 1 ST,Alessandro,MÖBEL,21-707,,,true
2748317,4025087217116,VISITOR DESIGN 1 ST,Alessandro,MÖBEL,21-711,,,true
2748318,4025087218113,STANDDISPLAY TOWER 1 ST,Alessandro,MÖBEL,21-811,,,true
2748319,4025087218144,CONTAINER CADDY 1 ST,Alessandro,MÖBEL,21-814,,,true
2748320,4025087218182,TISCH VANESSA 1 ST,Alessandro,MÖBEL,21-818,,,true
2748321,4025087236018,PROTECTING BASE GEL DIAMOND 8 ML,Alessandro,NATURNAGELVERSTÄRKUNG,23-601,,,true
2748322,4025087236025,PROTECTING BASE GEL PRO WHITE 8 ML,Alessandro,NATURNAGELVERSTÄRKUNG,23-602,,,true
2748323,4025087236032,PROTECTING BASE GEL FRENCH ROSE 8 ML,Alessandro,NATURNAGELVERSTÄRKUNG,23-603,,,true
2748324,4025087236049,PROTECTING BASE CREAM 15 ML,Alessandro,NATURNAGELVERSTÄRKUNG,23-604,,,true
2748325,4025087236056,PROTECTING BASE GEL MATT 8ML,Alessandro,NATURNAGELVERSTÄRKUNG,23-605,,,true
2748326,4025087236117,NATUGEL BOND 10 ML,Alessandro,NATURNAGELVERSTÄRKUNG,23-611,,,true
2748327,4025087236124,NATUGEL TOP COAT 10 ML,Alessandro,NATURNAGELVERSTÄRKUNG,23-612,,,true
2748328,4025087236131,NATUGEL MILKY 10 ML,Alessandro,NATURNAGELVERSTÄRKUNG,23-613,,,true
2748329,4025087236148,NATUGEL NUDE 10 ML,Alessandro,NATURNAGELVERSTÄRKUNG,23-614,,,true
2748330,4025087236414,HIGH SENSATION 3IN1 GEL POSTER 1 ST,Alessandro,MODELLAGEGELE,23-641,,,true
2748331,4025087237558,GLITTER GEL SNOW GIRL 5 G,Alessandro,UV/LED FARBSYSTEME,23-755,,,true
2748332,4025087237565,GLITTER GEL PROSECCO PARTY 5 G,Alessandro,UV/LED FARBSYSTEME,23-756,,,true
2748333,4025087237572,GLITTER GEL BONFIRE 5 G,Alessandro,UV/LED FARBSYSTEME,23-757,,,true
2748334,4025087237589,GLITTER GEL CANDEL LIGHT KIS 5 G,Alessandro,UV/LED FARBSYSTEME,23-758,,,true
2748335,4025087237596,GLITTER GEL TAKE ME OUT 5 G,Alessandro,UV/LED FARBSYSTEME,23-759,,,true
2748336,4025087237602,GLITTER GEL MORE CHAMPAGNE 5 G,Alessandro,UV/LED FARBSYSTEME,23-760,,,true
2748337,4025087237619,GLITTER GEL FROZEN SKY 5 G,Alessandro,UV/LED FARBSYSTEME,23-761,,,true
2748338,4025087237626,GLITTER GEL GUEST LIST 5 G,Alessandro,UV/LED FARBSYSTEME,23-762,,,true
2748339,4025087237770,ALE GLITTER GEL LIGHT AS A FEATHER 5 G,Alessandro,UV/LED FARBSYSTEME,23-777,,,true
2748340,4025087237787,ALE GLITTER GEL GOOD VIBES ONL 5 G,Alessandro,UV/LED FARBSYSTEME,23-778,,,true
2748341,4025087237794,ALE GLITTER GEL STANDING OVATION 5 G,Alessandro,UV/LED FARBSYSTEME,23-779,,,true
2748342,4025087237800,ALE GLITTER GEL ATTITUDE IS ERVERYTHING 5 G,Alessandro,UV/LED FARBSYSTEME,23-780,,,true
2748343,4025087238012,GLITTER GEL STARDUST 5 G,Alessandro,UV/LED FARBSYSTEME,23-801,,,true
2748344,4025087238029,GLITTER GEL HARMONY 5 G,Alessandro,UV/LED FARBSYSTEME,23-802,,,true
2748345,4025087238043,GLITTER GEL FROZEN 5 G,Alessandro,UV/LED FARBSYSTEME,23-804,,,true
2748346,4025087238050,GLITTER GEL COTTON CANDY 5 G,Alessandro,UV/LED FARBSYSTEME,23-805,,,true
2748347,4025087238128,GLITTER GEL WEDDING CAKE 5 G,Alessandro,UV/LED FARBSYSTEME,23-812,,,true
2748348,4025087238142,GLITTER GEL GOLDEN GIRL`S 5 G,Alessandro,UV/LED FARBSYSTEME,23-814,,,true
2748349,4025087238159,GLITTER GEL MARILYN`S DIAMONDS 5 G,Alessandro,UV/LED FARBSYSTEME,23-815,,,true
2748350,4025087238180,GLITTER GEL SILVER STAR 5 G,Alessandro,UV/LED FARBSYSTEME,23-818,,,true
2748351,4025087238197,GLITTER GEL WHITE 5 G,Alessandro,UV/LED FARBSYSTEME,23-819,,,true
2748352,4025087238203,GLITTER GEL VENICE CARNIVAL 5 G,Alessandro,UV/LED FARBSYSTEME,23-820,,,true
2748353,4025087238210,GLITTER GEL ROSÉ 5 G,Alessandro,UV/LED FARBSYSTEME,23-821,,,true
2748354,4025087238241,GLITTER GEL MARRY ME 5 G,Alessandro,UV/LED FARBSYSTEME,23-824,,,true
2748355,4025087238401,HIGH SENSATION 3IN1 GEL MILKY WHITE 15 G,Alessandro,MODELLAGEGELE,23-840,,,true
2748356,4025087238418,HIGH SENSATION 3IN1 MODDELLAGE GE 15 G,Alessandro,MODELLAGEGELE,23-841,,,true
2748357,4025087238425,HIGH SENSATION 3IN1 GEL ROSA 15 G,Alessandro,MODELLAGEGELE,23-842,,,true
2748358,4025087238807,BIOBOOST BIOGEL 15ML,Alessandro,MODELLAGEGELE,23-880,,,true
2748359,4025087238821,BIOBOOST UV/LED HAFTVERMITTLER 10ML,Alessandro,MODELLAGEGELE,23-882,,,true
2748360,4025087238838,BIOBOOST TOP COAT 10ML 10ML,Alessandro,MODELLAGEGELE,23-883,,,true
2748361,4025087238845,BIOBOOST MODELLAGE GEL MILKY ROSE 15ML,Alessandro,MODELLAGEGELE,23-884,,,true
2748362,4025087238852,BIOBOOST MODELLAGE GEL MILKY WHITE 15ML,Alessandro,MODELLAGEGELE,23-885,,,true
2748363,4025087239507,ULTIMATE MATT 100 G,Alessandro,MODELLAGEGELE,23-950,,,true
2748364,4025087239514,ULTIMATE SHINE CLEAR 15 G,Alessandro,MODELLAGEGELE,23-951,,,true
2748365,4025087239521,ULTIMATE SHINE CLEAR 50 G,Alessandro,MODELLAGEGELE,23-952,,,true
2748366,4025087239569,ULTIMATE SHINE MILKY 15 G,Alessandro,MODELLAGEGELE,23-956,,,true
2748367,4025087239576,ULTIMATE SHINE MILKY 50 G,Alessandro,MODELLAGEGELE,23-957,,,true
2748368,4025087239613,ULTIMATE SHINE ROSE 15 G,Alessandro,MODELLAGEGELE,23-961,,,true
2748369,4025087239620,ULTIMATE SHINE ROSE 50 G,Alessandro,MODELLAGEGELE,23-962,,,true
2748370,4025087239767,"ULTIMATE SHINE NON STICKY CLEAR 7,5 ML",Alessandro,MODELLAGEGELE,23-976,,,true
2748371,4025087239774,"ULTIMATE SHINE NON STICKY MILKY 7,5 ML",Alessandro,MODELLAGEGELE,23-977,,,true
2748372,4025087239781,"ULTIMATE SHINE NON STICKY ROSE 7,5 ML",Alessandro,MODELLAGEGELE,23-978,,,true
2748373,4025087239798,"ULTIMATE SHINE NON STICKY NUDE 7,5 ML",Alessandro,MODELLAGEGELE,23-979,,,true
2748374,4025087239804,"ULTIMATE SHINE NON STICKY PRO WHITE 7,5 ML",Alessandro,MODELLAGEGELE,23-980,,,true
2748375,4025087239958,"ULTIMATE SHINE NON STICKY MATT 7,5ML 7,5 ML",Alessandro,MODELLAGEGELE,23-995,,,true
2748376,4025087241012,PROLAQ PLAIN WHITE 8 ML,Alessandro,UV/LED FARBSYSTEME,24-101,,,true
2748377,4025087241029,PROLAQ PLAIN BLACK 8 ML,Alessandro,UV/LED FARBSYSTEME,24-102,,,true
2748378,4025087241036,PROLAQ KARL´S BEAUTY 8 ML,Alessandro,UV/LED FARBSYSTEME,24-103,,,true
2748379,4025087241043,PROLAQ BIKINI STRIPES 8 ML,Alessandro,UV/LED FARBSYSTEME,24-104,,,true
2748380,4025087241050,PROLAQ COCKTAIL FEVER 8 ML,Alessandro,UV/LED FARBSYSTEME,24-105,,,true
2748381,4025087241067,PROLAQ MARSHMALLOW CANDY 8 ML,Alessandro,UV/LED FARBSYSTEME,24-106,,,true
2748382,4025087241074,PROLAQ ALOHA SUNDAY! 8 ML,Alessandro,UV/LED FARBSYSTEME,24-107,,,true
2748383,4025087241081,PROLAQ GREY ELEGANCE 8 ML,Alessandro,UV/LED FARBSYSTEME,24-108,,,true
2748384,4025087241098,PROLAQ IN LOVE WITH YOU 8 ML,Alessandro,UV/LED FARBSYSTEME,24-109,,,true
2748385,4025087241104,PROLAQ PRINCESS DRESS 8 ML,Alessandro,UV/LED FARBSYSTEME,24-110,,,true
2748386,4025087241111,PROLAQ IN LOVE WITH TAUPE 8 ML,Alessandro,UV/LED FARBSYSTEME,24-111,,,true
2748387,4025087241128,PROLAQ TAUPY 8 ML,Alessandro,UV/LED FARBSYSTEME,24-112,,,true
2748388,4025087241135,PROLAQ TASTY CHIC 8 ML,Alessandro,UV/LED FARBSYSTEME,24-113,,,true
2748389,4025087241142,PROLAQ MR. DREAMY 8 ML,Alessandro,UV/LED FARBSYSTEME,24-114,,,true
2748390,4025087241159,PROLAQ COUTURE FOR ME 8 ML,Alessandro,UV/LED FARBSYSTEME,24-115,,,true
2748391,4025087241166,PROLAQ THE HEAT IS ON 8 ML,Alessandro,UV/LED FARBSYSTEME,24-116,,,true
2748392,4025087241173,"PROLAQ HELLO, I AM COCO! 8 ML",Alessandro,UV/LED FARBSYSTEME,24-117,,,true
2748393,4025087241180,PROLAQ BEAUTY IN A MYSTERY 8 ML,Alessandro,UV/LED FARBSYSTEME,24-118,,,true
2748394,4025087241197,"PROLAQ NO RAIN, NO FLOWERS! 8 ML",Alessandro,UV/LED FARBSYSTEME,24-119,,,true
2748395,4025087241203,PROLAQ PANAMA HUT 8 ML,Alessandro,UV/LED FARBSYSTEME,24-120,,,true
2748396,4025087241210,PROLAQ NOUVELLE AVENUE 8 ML,Alessandro,UV/LED FARBSYSTEME,24-121,,,true
2748397,4025087241227,PROLAQ OLD LOVE ROMANCE 8 ML,Alessandro,UV/LED FARBSYSTEME,24-122,,,true
2748398,4025087241234,PROLAQ CLASSY RED 8 ML,Alessandro,UV/LED FARBSYSTEME,24-123,,,true
2748399,4025087241241,PROLAQ GRACE´S SECRET 8 ML,Alessandro,UV/LED FARBSYSTEME,24-124,,,true
2748400,4025087241258,PROLAQ CHIC STORY 8 ML,Alessandro,UV/LED FARBSYSTEME,24-125,,,true
2748401,4025087241265,PROLAQ BUTTON UP! 8 ML,Alessandro,UV/LED FARBSYSTEME,24-126,,,true
2748402,4025087241272,PROLAQ HAVANA GIRL 8 ML,Alessandro,UV/LED FARBSYSTEME,24-127,,,true
2748403,4025087241289,PROLAQ TULIP BLOSSOM 8 ML,Alessandro,UV/LED FARBSYSTEME,24-128,,,true
2748404,4025087241296,PROLAQ EVERYONE´S SOULMATE 8 ML,Alessandro,UV/LED FARBSYSTEME,24-129,,,true
2748405,4025087241302,PROLAQ BALLET CLASS 8 ML,Alessandro,UV/LED FARBSYSTEME,24-130,,,true
2748406,4025087241319,PROLAQ STRAWBERRY MARGARITA 8 ML,Alessandro,UV/LED FARBSYSTEME,24-131,,,true
2748407,4025087241326,PROLAQ BONJOUR LA PETITE! 8 ML,Alessandro,UV/LED FARBSYSTEME,24-132,,,true
2748408,4025087241333,PROLAQ STATEMENT GIRL 8 ML,Alessandro,UV/LED FARBSYSTEME,24-133,,,true
2748409,4025087241340,PROLAQ ENJOY IT ALL! 8 ML,Alessandro,UV/LED FARBSYSTEME,24-134,,,true
2748410,4025087241357,PROLAQ WEEKEND WINNER 8 ML,Alessandro,UV/LED FARBSYSTEME,24-135,,,true
2748411,4025087241364,PROLAQ FASHION REBEL 8 ML,Alessandro,UV/LED FARBSYSTEME,24-136,,,true
2748412,4025087241371,PROLAQ PAIN AU CHOCOLAT 8 ML,Alessandro,UV/LED FARBSYSTEME,24-137,,,true
2748413,4025087241388,PROLAQ GOSSIP BABE 8 ML,Alessandro,UV/LED FARBSYSTEME,24-138,,,true
2748414,4025087241395,PROLAQ BEAUTIFUL STRUGGLE 8 ML,Alessandro,UV/LED FARBSYSTEME,24-139,,,true
2748415,4025087241401,PROLAQ IT´S BIRTHDAY MONTH 8 ML,Alessandro,UV/LED FARBSYSTEME,24-140,,,true
2748416,4025087241418,PROLAQ CATCH IT ALL 8 ML,Alessandro,UV/LED FARBSYSTEME,24-141,,,true
2748417,4025087241425,PROLAQ GOLDEN LINES 8 ML,Alessandro,UV/LED FARBSYSTEME,24-142,,,true
2748418,4025087241432,PROLAQ MISS TO MRS 8 ML,Alessandro,UV/LED FARBSYSTEME,24-143,,,true
2748419,4025087241449,PROLAQ LOLITA´S LOVE 8 ML,Alessandro,UV/LED FARBSYSTEME,24-144,,,true
2748420,4025087241456,PROLAQ GREEK BEAUTY 8 ML,Alessandro,UV/LED FARBSYSTEME,24-145,,,true
2748421,4025087241463,PROLAQ JACK OF HEARTS 8 ML,Alessandro,UV/LED FARBSYSTEME,24-146,,,true
2748422,4025087241470,PROLAQ IMPRESS YOURSELF! 8 ML,Alessandro,UV/LED FARBSYSTEME,24-147,,,true
2748423,4025087241487,PROLAQ ON THE ROAD 8 ML,Alessandro,UV/LED FARBSYSTEME,24-148,,,true
2748424,4025087241494,PROLAQ MADE BY ME 8 ML,Alessandro,UV/LED FARBSYSTEME,24-149,,,true
2748425,4025087241500,PROLAQ BACK TO THE 90s! 8 ML,Alessandro,UV/LED FARBSYSTEME,24-150,,,true
2748426,4025087241517,PROLAQ OLD ROSY 8 ML,Alessandro,UV/LED FARBSYSTEME,24-151,,,true
2748427,4025087241524,PROLAQ SNOW CHEEKS 8 ML,Alessandro,UV/LED FARBSYSTEME,24-152,,,true
2748428,4025087241531,PROLAQ IN A FRENCH MOOD 8 ML,Alessandro,UV/LED FARBSYSTEME,24-153,,,true
2748429,4025087241548,PROLAQ CINDERELLA´S CARRIAGE 8 ML,Alessandro,UV/LED FARBSYSTEME,24-154,,,true
2748430,4025087241555,PROLAQ ITALIAN CHIC 8 ML,Alessandro,UV/LED FARBSYSTEME,24-155,,,true
2748431,4025087241562,PROLAQ ORIENT VIBES 8 ML,Alessandro,UV/LED FARBSYSTEME,24-156,,,true
2748432,4025087241579,PROLAQ BE FABULOUS AUTHENTIC! 8 ML,Alessandro,UV/LED FARBSYSTEME,24-157,,,true
2748433,4025087241586,PROLAQ SISTER WINGS 8 ML,Alessandro,UV/LED FARBSYSTEME,24-158,,,true
2748434,4025087241593,PROLAQ THE LOOK YOU NEED 8 ML,Alessandro,UV/LED FARBSYSTEME,24-159,,,true
2748435,4025087241609,PROLAQ COCKTAIL TIME 8 ML,Alessandro,UV/LED FARBSYSTEME,24-160,,,true
2748436,4025087241616,PROLAQ ITALIAN GIRL 8 ML,Alessandro,UV/LED FARBSYSTEME,24-161,,,true
2748437,4025087241623,PROLAQ TIFFANY´S DARLING 8 ML,Alessandro,UV/LED FARBSYSTEME,24-162,,,true
2748438,4025087241630,PROLAQ LADY´S MAID 8 ML,Alessandro,UV/LED FARBSYSTEME,24-163,,,true
2748439,4025087241647,PROLAQ FOLLOW ME TO VENICE 8 ML,Alessandro,UV/LED FARBSYSTEME,24-164,,,true
2748440,4025087241654,PROLAQ KEEP A DIARY! 8 ML,Alessandro,UV/LED FARBSYSTEME,24-165,,,true
2748441,4025087241661,PROLAQ BABY LOVE ME 8 ML,Alessandro,UV/LED FARBSYSTEME,24-166,,,true
2748442,4025087241678,PROLAQ BE MY LOVER 8 ML,Alessandro,UV/LED FARBSYSTEME,24-167,,,true
2748443,4025087241685,PROLAQ HEY THERE 8 ML,Alessandro,UV/LED FARBSYSTEME,24-168,,,true
2748444,4025087241692,PROLAQ JUST SING 8 ML,Alessandro,UV/LED FARBSYSTEME,24-169,,,true
2748445,4025087241708,PROLAQ MISS T. 8 ML,Alessandro,UV/LED FARBSYSTEME,24-170,,,true
2748446,4025087241715,PROLAQ MR LOVER LOVER 8 ML,Alessandro,UV/LED FARBSYSTEME,24-171,,,true
2748447,4025087241722,PROLAQ MILK & COFFEE 8 ML,Alessandro,UV/LED FARBSYSTEME,24-172,,,true
2748448,4025087241739,PROLAQ MOUSE GREY 8 ML,Alessandro,UV/LED FARBSYSTEME,24-173,,,true
2748449,4025087241746,PROLAQ CLASSY ME 8 ML,Alessandro,UV/LED FARBSYSTEME,24-174,,,true
2748450,4025087241753,PROLAQ RAINKISS 8 ML,Alessandro,UV/LED FARBSYSTEME,24-175,,,true
2748451,4025087241760,PROLAQ SOUTH WEST 8 ML,Alessandro,UV/LED FARBSYSTEME,24-176,,,true
2748452,4025087242118,COLOUR TOWER DISPLAY BASIS 1 ST,Alessandro,MERCHANDISING,24-211,,,true
2748453,4025087242125,COLOUR TOWER DISPLAY AUFSTOCKUNG 1 ST,Alessandro,MERCHANDISING,24-212,,,true
2748454,4025087242163,COLOUR TOWER DISPLAY DECKEL ERSATZ 1 ST,Alessandro,MERCHANDISING,24-216,,,true
2748455,4025087242996,PROLAQ FARBKARTE 80 1 ST,Alessandro,UV/LED FARBSYSTEME,24-299,,,true
2748456,4025087243016,PROLAQ FRENCH MILKY 8 ML,Alessandro,UV/LED FARBSYSTEME,24-301,,,true
2748457,4025087243023,PROLAQ FRENCH ROSE 8 ML,Alessandro,UV/LED FARBSYSTEME,24-302,,,true
2748458,4025087243030,PROLAQ FRENCH BEIGE 8 ML,Alessandro,UV/LED FARBSYSTEME,24-303,,,true
2748459,4025087243047,PROLAQ FRENCH WHITE 8 ML,Alessandro,UV/LED FARBSYSTEME,24-304,,,true
2748460,4025087243146,SOAK OFF BUILDER GEL 8 ML,Alessandro,UV/LED FARBSYSTEME,24-314,,,true
2748461,4025087243177,SOAK OFF BUILDER GEL CLEAR 8 ML,Alessandro,UV/LED FARBSYSTEME,24-317,,,true
2748462,4025087243184,SOAK OFF BUILDER GEL NUDE 8 ML,Alessandro,UV/LED FARBSYSTEME,24-318,,,true
2748463,4025087243191,SOAK OFF BUILDER GEL MILKY 8 ML,Alessandro,UV/LED FARBSYSTEME,24-319,,,true
2748464,4025087243269,PROLAQ NO LIMITS BASE COAT 8 ML,Alessandro,UV/LED FARBSYSTEME,24-326,,,true
2748465,4025087243276,PROLAQ NO LIMITS TOP COAT 8 ML,Alessandro,UV/LED FARBSYSTEME,24-327,,,true
2748466,4025087247076,PROLAQ PLAYROOM 8 ML,Alessandro,UV/LED FARBSYSTEME,24-707,,,true
2748467,4025087247106,PROLAQ ANASTASIA´S DESIRE 8 ML,Alessandro,UV/LED FARBSYSTEME,24-710,,,true
2748468,4025087247144,PROLAQ JOY IS BACK 8 ML,Alessandro,UV/LED FARBSYSTEME,24-714,,,true
2748469,4025087247205,PROLAQ DARKEST DESIRE 8 ML,Alessandro,UV/LED FARBSYSTEME,24-720,,,true
2748470,4025087261003,FARBKARTE COLOUR GEL 40 1 ST,Alessandro,UV/LED FARBSYSTEME,26-100,,,true
2748471,4025087261010,LED COLOUR GEL 2.0 CLEAN CREAM 5 G,Alessandro,UV/LED FARBSYSTEME,26-101,,,true
2748472,4025087261027,LED COLOUR GEL 2.0 HEAVENS NUDE 5 G,Alessandro,UV/LED FARBSYSTEME,26-102,,,true
2748473,4025087261034,LED COLOUR GEL 2.0 SATIN ELEGANCE 5 G,Alessandro,UV/LED FARBSYSTEME,26-103,,,true
2748474,4025087261041,LED COLOUR GEL 2.0 NUDE ELEGANCE 5 G,Alessandro,UV/LED FARBSYSTEME,26-104,,,true
2748475,4025087261058,LED COLOUR GEL 2.0 PRETTY BALLERINA 5 G,Alessandro,UV/LED FARBSYSTEME,26-105,,,true
2748476,4025087261065,LED COLOUR GEL 2.0 GENTLE BLUSH 5 G,Alessandro,UV/LED FARBSYSTEME,26-106,,,true
2748477,4025087261072,LED COLOUR GEL 2.0 NAKED ROSE 5 G,Alessandro,UV/LED FARBSYSTEME,26-107,,,true
2748478,4025087261089,LED COLOUR GEL 2.0 LITTLE PRINCESS 5 G,Alessandro,UV/LED FARBSYSTEME,26-108,,,true
2748479,4025087261096,LED COLOUR GEL 2.0 URBAN BLUSH 5 G,Alessandro,UV/LED FARBSYSTEME,26-109,,,true
2748480,4025087261102,LED COLOUR GEL 2.0 BE FABULOUS 5 G,Alessandro,UV/LED FARBSYSTEME,26-110,,,true
2748481,4025087261119,LED COLOUR GEL 2.0 POPPY PONY 5 G,Alessandro,UV/LED FARBSYSTEME,26-111,,,true
2748482,4025087261126,LED COLOUR GEL 2.0 JUAN´S KISS 5 G,Alessandro,UV/LED FARBSYSTEME,26-112,,,true
2748483,4025087261133,LED COLOUR GEL 2.0 SEXY JILL 5 G,Alessandro,UV/LED FARBSYSTEME,26-113,,,true
2748484,4025087261140,LED COLOUR GEL 2.0 DRUNK OF LOVE 5 G,Alessandro,UV/LED FARBSYSTEME,26-114,,,true
2748485,4025087261157,LED COLOUR GEL 2.0 CHERRY AT HEART 5 G,Alessandro,UV/LED FARBSYSTEME,26-115,,,true
2748486,4025087261164,LED COLOUR GEL 2.0 MEET ME IN PARIS 5 G,Alessandro,UV/LED FARBSYSTEME,26-116,,,true
2748487,4025087261171,LED COLOUR GEL 2.0 GENTLE PINK 5 G,Alessandro,UV/LED FARBSYSTEME,26-117,,,true
2748488,4025087261188,LED COLOUR GEL 2.0 STREET GLAM 5 G,Alessandro,UV/LED FARBSYSTEME,26-118,,,true
2748489,4025087261195,LED COLOUR GEL 2.0 HIGH ON HOPE 5 G,Alessandro,UV/LED FARBSYSTEME,26-119,,,true
2748490,4025087261201,LED COLOUR GEL 2.0 FOLLOW MY ROOTS 5 G,Alessandro,UV/LED FARBSYSTEME,26-120,,,true
2748491,4025087261218,LED COLOUR GEL 2.0 SINFUL GLOW 5 G,Alessandro,UV/LED FARBSYSTEME,26-121,,,true
2748492,4025087261225,LED COLOUR GEL 2.0 OLD ROSY WIND 5 G,Alessandro,UV/LED FARBSYSTEME,26-122,,,true
2748493,4025087261232,LED COLOUR GEL 2.0 MINERAL METALLIC 5 G,Alessandro,UV/LED FARBSYSTEME,26-123,,,true
2748494,4025087261249,LED COLOUR GEL 2.0 VELVET TAUPE 5 G,Alessandro,UV/LED FARBSYSTEME,26-124,,,true
2748495,4025087261256,LED COLOUR GEL 2.0 CROSSING LINES 5 G,Alessandro,UV/LED FARBSYSTEME,26-125,,,true
2748496,4025087261263,LED COLOURGEL 2.0 BRICK IN THE WALL 5 G,Alessandro,UV/LED FARBSYSTEME,26-126,,,true
2748497,4025087261270,LED COLOUR GEL 2.0 LOST DYNASTY 5 G,Alessandro,UV/LED FARBSYSTEME,26-127,,,true
2748498,4025087261287,LED COLOUR GEL 2.0 POETIC BLUES 5 G,Alessandro,UV/LED FARBSYSTEME,26-128,,,true
2748499,4025087261294,LED COLOURGEL 2.0 SUPERSTITION BLUE 5 G,Alessandro,UV/LED FARBSYSTEME,26-129,,,true
2748500,4025087261300,LED COLOUR GEL 2.0 PETROL LOVE 5 G,Alessandro,UV/LED FARBSYSTEME,26-130,,,true
2748501,4025087261317,LED COLOUR GEL 2.0 CORAL SUNSHINE 5 G,Alessandro,UV/LED FARBSYSTEME,26-131,,,true
2748502,4025087261324,LED COLOUR GEL 2.0 BERRY RED 5 G,Alessandro,UV/LED FARBSYSTEME,26-132,,,true
2748503,4025087261331,LED COLOUR GEL 2.0 YES MY LOVE 5 G,Alessandro,UV/LED FARBSYSTEME,26-133,,,true
2748504,4025087261348,LED COLOUR GEL 2.0 RUBY RED 5 G,Alessandro,UV/LED FARBSYSTEME,26-134,,,true
2748505,4025087261355,LED COLOUR GEL 2.0 RED PARADISE 5 G,Alessandro,UV/LED FARBSYSTEME,26-135,,,true
2748506,4025087261362,LED COLOUR GEL 2.0 SECRET RED 5 G,Alessandro,UV/LED FARBSYSTEME,26-136,,,true
2748507,4025087261379,LED COLOUR GEL 2.0 RED ILLUSION 5 G,Alessandro,UV/LED FARBSYSTEME,26-137,,,true
2748508,4025087261386,LED COLOUR GEL 2.0 P.S. I LOVE YOU 5 G,Alessandro,UV/LED FARBSYSTEME,26-138,,,true
2748509,4025087261393,LED COLOUR GEL 2.0 ROUGE NOIR 5 G,Alessandro,UV/LED FARBSYSTEME,26-139,,,true
2748510,4025087261409,LED COLOUR GEL 2.0 MIDNIGHT RED 5 G,Alessandro,UV/LED FARBSYSTEME,26-140,,,true
2748511,4025087262000,CG NEON ELECTRIC 5 G,Alessandro,UV/LED FARBSYSTEME,26-200,,,true
2748512,4025087262017,CG NEON POWER-UP 5 G,Alessandro,UV/LED FARBSYSTEME,26-201,,,true
2748513,4025087262024,CG NEON WORKOUT 5 G,Alessandro,UV/LED FARBSYSTEME,26-202,,,true
2748514,4025087262031,CG NEON FLASH 5 G,Alessandro,UV/LED FARBSYSTEME,26-203,,,true
2748515,4025087281018,HYBRID MILKY DREAM 8ML 8 ML,Alessandro,NAGELLACKE,28-101,,,true
2748516,4025087281025,HYBRID HEAVENS NUDE 8ML 8 ML,Alessandro,NAGELLACKE,28-102,,,true
2748517,4025087281032,HYBRID PRETTY BALLERINA 8ML 8 ML,Alessandro,NAGELLACKE,28-103,,,true
2748518,4025087281049,HYBRID NUDE ELEGANCE 8ML 8 ML,Alessandro,NAGELLACKE,28-104,,,true
2748519,4025087281056,HYBRID ROSY WIND 8ML 8 ML,Alessandro,NAGELLACKE,28-105,,,true
2748520,4025087281063,HYBRID MEET ME IN PARIS 8ML 8 ML,Alessandro,NAGELLACKE,28-106,,,true
2748521,4025087281070,HYBRID DOLLY´S PINK 8ML 8 ML,Alessandro,NAGELLACKE,28-107,,,true
2748522,4025087281087,HYBRID VELVET TAUPE 8ML 8 ML,Alessandro,NAGELLACKE,28-108,,,true
2748523,4025087281094,HYBRID POMEGRANATE 8ML 8 ML,Alessandro,NAGELLACKE,28-109,,,true
2748524,4025087281100,HYBRID CLASSIC RED 8ML 8 ML,Alessandro,NAGELLACKE,28-110,,,true
2748525,4025087281117,HYBRID SECRET RED 8ML 8 ML,Alessandro,NAGELLACKE,28-111,,,true
2748526,4025087281124,HYBRID RED PARADISE 8ML 8 ML,Alessandro,NAGELLACKE,28-112,,,true
2748527,4025087281131,HYBRID HURLY BURLY 8ML 8 ML,Alessandro,NAGELLACKE,28-113,,,true
2748528,4025087281148,HYBRID ELEGANT RUBIN 8ML 8 ML,Alessandro,NAGELLACKE,28-114,,,true
2748529,4025087281155,HYBRID VELVET RED 8ML 8 ML,Alessandro,NAGELLACKE,28-115,,,true
2748530,4025087281162,HYBRID NEW YORK GREY 8ML 8 ML,Alessandro,NAGELLACKE,28-116,,,true
2748531,4025087281179,HYBRID LUCKY LAVENDER 8ML 8 ML,Alessandro,NAGELLACKE,28-117,,,true
2748532,4025087281186,HYBRID WILD PEACOCK 8ML 8 ML,Alessandro,NAGELLACKE,28-118,,,true
2748533,4025087281193,HYBRID URBAN DENIM 8ML 8 ML,Alessandro,NAGELLACKE,28-119,,,true
2748534,4025087281209,HYBRID MIDNIGHT BLACK 8ML 8 ML,Alessandro,NAGELLACKE,28-120,,,true
2748535,4025087281216,HYBRID ROUGE NOIR 8ML 8 ML,Alessandro,NAGELLACKE,28-121,,,true
2748536,4025087281223,HYBRID SINFUL GLOW 8ML 8 ML,Alessandro,NAGELLACKE,28-122,,,true
2748537,4025087281230,HYBRID RED ILLUSION 8ML 8 ML,Alessandro,NAGELLACKE,28-123,,,true
2748538,4025087281247,HYBRID GIRLY FLUSH 8ML 8 ML,Alessandro,NAGELLACKE,28-124,,,true
2748539,4025087281254,HYBRID PINK MELON 8ML 8 ML,Alessandro,NAGELLACKE,28-125,,,true
2748540,4025087281261,HYBRID MY FIRST LOVE 8ML 8 ML,Alessandro,NAGELLACKE,28-126,,,true
2748541,4025087281278,HYBRID SWEET BLACKBERRY 8ML 8 ML,Alessandro,NAGELLACKE,28-127,,,true
2748542,4025087281285,HYBRID NEON PINK 8ML 8 ML,Alessandro,NAGELLACKE,28-128,,,true
2748543,4025087281292,HYBRID SEXY JILL 8ML 8 ML,Alessandro,NAGELLACKE,28-129,,,true
2748544,4025087281308,HYBRID SHINY AUBERGINE 8ML 8 ML,Alessandro,NAGELLACKE,28-130,,,true
2748545,4025087281315,HYBRID CHERRY CHERRY LADY 8ML 8 ML,Alessandro,NAGELLACKE,28-131,,,true
2748546,4025087281322,HYBRID MINTASTIC 8ML 8 ML,Alessandro,NAGELLACKE,28-132,,,true
2748547,4025087281339,HYBRID MR. BAMBOO 8ML 8 ML,Alessandro,NAGELLACKE,28-133,,,true
2748548,4025087281346,HYBRID BABY BLUE 8ML 8 ML,Alessandro,NAGELLACKE,28-134,,,true
2748549,4025087281353,HYBRID BLACKBERRY 8ML 8 ML,Alessandro,NAGELLACKE,28-135,,,true
2748550,4025087281360,HYBRID POPCORN LOVE 8ML 8 ML,Alessandro,NAGELLACKE,28-136,,,true
2748551,4025087281377,HYBRID ICE CREAM 8ML 8 ML,Alessandro,NAGELLACKE,28-137,,,true
2748552,4025087281384,HYBRID UNICORN CAKE 8ML 8 ML,Alessandro,NAGELLACKE,28-138,,,true
2748553,4025087281391,HYBRID LAVENDER LEMONADE 8ML 8 ML,Alessandro,NAGELLACKE,28-139,,,true
2748554,4025087281407,HYBRID BLUEBERRY SLUSH 8ML 8 ML,Alessandro,NAGELLACKE,28-140,,,true
2748555,4025087282008,FARBKARTE HYBRID SOUL GEL POLISH 1 ST,Alessandro,NAGELLACKE,28-200,,,true
2748556,4025087282015,POSTER HYBRID SOUL GEL POLISH 1 ST,Alessandro,NAGELLACKE,28-201,,,true
2748557,4025087282091,BODENDISPLAY HYBRID SOUL GEL POLISH GEFUELLT 1 ST,Alessandro,NAGELLACKE,28-209,,,true
2748558,4025087282107,FENSTERAUFKLEBER HYBRID SOUL GEL POLISH 1 ST,Alessandro,NAGELLACKE,28-210,,,true
2748559,4025087283012,HYBRID TOP COAT 8ML 8 ML,Alessandro,NAGELLACKE,28-301,,,true
2748560,4025087283029,HYBRID BASE COAT 8ML 8 ML,Alessandro,NAGELLACKE,28-302,,,true
2748561,4025087340005,MAGIC MAN. 2-PHASE HANDPEEL. 100 ML,Alessandro,PFLEGE,34-000,3,1,true
2748562,4025087340029,NICE DAY 75 ML,Alessandro,PFLEGE,34-002,5,1,true
2748563,4025087340050,SILKY GLOVES 15 ML,Alessandro,PFLEGE,34-005,,,true
2748564,4025087340067,IPP-LIFT & PROTECTION PEARLS 30 ML,Alessandro,PFLEGE,34-006,,,true
2748565,4025087340074,CREAM RICH 75 ML,Alessandro,PFLEGE,34-007,1,1,true
2748566,4025087340111,10 MIN HYDRA HAND MASK 50 ML,Alessandro,PFLEGE,34-011,5,,true
2748567,4025087340128,SERUM VITALE 15 ML,Alessandro,PFLEGE,34-012,1,,true
2748568,4025087340241,GENTLE TOUCH 75 ML,Alessandro,PFLEGE,34-024,1,,true
2748569,4025087340319,HAND CARE SOAP 100 G,Alessandro,PFLEGE,34-031,,,true
2748570,4025087341002,MAGIC MAN. 2-PHASE HAND P. TESTER 100 ML,Alessandro,PFLEGE,34-100,,,true
2748571,4025087341026,NICE DAY TESTER 75 ML,Alessandro,PFLEGE,34-102,,,true
2748572,4025087341057,SILKY GLOVES TESTER 15 ML,Alessandro,PFLEGE,34-105,,,true
2748573,4025087341064,IPP-LIFT & PROTECTION PEARLS TESTER 30 ML,Alessandro,PFLEGE,34-106,,,true
2748574,4025087341071,CREAM RICH TESTER 75 ML,Alessandro,PFLEGE,34-107,,,true
2748575,4025087341118,10 MIN HYDRA HAND MASK TESTER 50 ML,Alessandro,PFLEGE,34-111,,,true
2748576,4025087341125,SERUM VITALE TESTER 15 ML,Alessandro,PFLEGE,34-112,,,true
2748577,4025087341248,GENTLE TOUCH TESTER 75 ML,Alessandro,PFLEGE,34-124,,,true
2748578,4025087341316,HAND CARE SOAP TESTER 100 G,Alessandro,PFLEGE,34-131,,,true
2748579,4025087342009,MAGIC MAN. HANDPEELING KABI 450 ML,Alessandro,PFLEGE,34-200,,,true
2748580,4025087342023,NICE DAY KABI 500 ML,Alessandro,PFLEGE,34-202,,,true
2748581,4025087342054,SILKY GLOVES KABI 50 ML,Alessandro,PFLEGE,34-205,,,true
2748582,4025087342078,CREAM RICH KABI 500 ML,Alessandro,PFLEGE,34-207,,,true
2748583,4025087342115,10 MIN HYDRA HAND MASK KABI 300 ML,Alessandro,PFLEGE,34-211,,,true
2748584,4025087342122,SERUM VITALE KABI 50 ML,Alessandro,PFLEGE,34-212,,,true
2748585,4025087342245,GENTLE TOUCH KABI 500 ML,Alessandro,PFLEGE,34-224,,,true
2748586,4025087342276,HANDBUTTER KABI 450 ML,Alessandro,PFLEGE,34-227,,,true
2748587,4025087342283,MASSAGE ÖL 125 ML,Alessandro,PFLEGE,34-228,,,true
2748588,4025087344010,PUMPSPENDER FUER 300ML KABI 1 ST,Alessandro,PFLEGE,34-401,,,true
2748589,4025087344027,PUMPSPENDER FUER 500ML KABI 1 ST,Alessandro,PFLEGE,34-402,,,true
2748590,4025087344041,WÁSSERSCHALE & KRUG SET 1 ST,Alessandro,PFLEGE,34-404,,,true
2748591,4025087344058,ICE GLOBES 2 ST,Alessandro,PFLEGE,34-405,,,true
2748592,4025087344065,ROSENQUARZ MASSAGESTEIN 1 ST,Alessandro,PFLEGE,34-406,,,true
2748593,4025087345017,CREAM RICH PROBE 3ML 25 ST,Alessandro,PFLEGE,34-501,,,true
2748594,4025087345024,NICE DAY PROBE 3ML 25 ST,Alessandro,PFLEGE,34-502,,,true
2748595,4025087345031,GENTLE TOUCH PROBE 3ML 25 ST,Alessandro,PFLEGE,34-503,,,true
2748596,4025087345383,VITALIZING HANDREINIGUNGSSCHAUM 50 ML,Alessandro,PFLEGE,34-538,,,true
2748597,4025087345390,VITALIZING HANDREINIGUNGSSCHAUM TESTER 50 ML,Alessandro,PFLEGE,34-539,,,true
2748598,4025087345468,VITALIZING HANDREINIGUNGSSCHAUM KABI 150 ML,Alessandro,PFLEGE,34-546,,,true
2748599,4025087346519,WORKSTATION HANDPFLEGE LEER 1 ST,Alessandro,PFLEGE,34-651,,,true
2748600,4025087346540,POSTER DIN A1 DE & NL 1 ST,Alessandro,PFLEGE,34-654,,,true
2748601,4025087346595,EV BROSCHUERE HAND & NAIL DE 25 ST,Alessandro,PFLEGE,34-659,,,true
2748602,4025087346656,BEHANDLUNGSLEITFADEN DE 3 ST,Alessandro,PFLEGE,34-665,,,true
2748603,4025087346663,BEHANDLUNGSLEITFADEN NL 3 ST,Alessandro,PFLEGE,34-666,,,true
2748604,4025087346700,ME TIME POSTER 1 ST,Alessandro,PFLEGE,34-670,,,true
2748605,4025087347073,HANDBUTTER 50 ML,Alessandro,PFLEGE,34-707,2,,true
2748606,4025087347080,HANDBUTTER TESTER 50 ML,Alessandro,PFLEGE,34-708,,,true
2748607,4025087420011,HEEL RESCUE BALM 75 ML,Alessandro,PFLEGE,42-001,,,true
2748608,4025087420028,HEEL RESCUE SMOOTHING STICK 50 G,Alessandro,PFLEGE,42-002,,,true
2748609,4025087420042,NAIL POLISH CREAM 15 G,Alessandro,PFLEGE,42-004,,,true
2748610,4025087420059,NAIL CARE SERUM 14 ML,Alessandro,PFLEGE,42-005,,,true
2748611,4025087420066,SILKY TOUCH FOOT FUSSPUDERLOTION 30 ML,Alessandro,PFLEGE,42-006,,,true
2748612,4025087420073,FEEL GOOD STARTER KIT 1 ST,Alessandro,PFLEGE,42-007,,,true
2748613,4025087420080,ONE MINUTE PEDICURE 75 ML,Alessandro,PFLEGE,42-008,,,true
2748614,4025087420097,PROTECT & REPAIR SPRAY 50 ML,Alessandro,PFLEGE,42-009,,,true
2748615,4025087420103,PROTECT & REPAIR TINCTURE 14 ML,Alessandro,PFLEGE,42-010,,,true
2748616,4025087420110,PROTECT & REPAIR NAIL POLISH 5 ML,Alessandro,PFLEGE,42-011,,,true
2748617,4025087420189,FEEL GOOD REFILL 80 GRIT 12 ST,Alessandro,PFLEGE,42-018,,,true
2748618,4025087420196,FEEL GOOD REFILL 120 GRIT 12 ST,Alessandro,PFLEGE,42-019,,,true
2748619,4025087420202,FUSS SCHAUM 125 ML,Alessandro,PFLEGE,42-020,2,,true
2748620,4025087420219,CALLUS SOFTENER SPRAY 50 ML,Alessandro,PFLEGE,42-021,,,true
2748621,4025087420226,SPA FOOT ONE WAY ZEHENTRENNER 10 ST,Alessandro,PFLEGE,42-022,,,true
2748622,4025087420233,FOOT PEELING 15% 75 ML,Alessandro,PFLEGE,42-023,,,true
2748623,4025087420240,FOOT BALM 15% 75 ML,Alessandro,PFLEGE,42-024,,,true
2748624,4025087420257,FOOT CREAM 15% 75 ML,Alessandro,PFLEGE,42-025,,,true
2748625,4025087420264,FOOT MOUSSE 20% 125 ML,Alessandro,PFLEGE,42-026,,,true
2748626,4025087421018,HEEL RESCUE BALM TESTER 75 ML,Alessandro,PFLEGE,42-101,,,true
2748627,4025087421025,HEEL RESCUE SMOOTHING STICK TESTER 50 G,Alessandro,PFLEGE,42-102,,,true
2748628,4025087421049,NAIL POLISH CREAM TESTER 15 G,Alessandro,PFLEGE,42-104,,,true
2748629,4025087421056,NAIL CARE SERUM TESTER 14 ML,Alessandro,PFLEGE,42-105,,,true
2748630,4025087421063,SILKY TOUCH FOOT FUSSPUDERLOTION TESTER 30 ML,Alessandro,PFLEGE,42-106,,,true
2748631,4025087421087,ONE MINUTE PEDICURE TESTER 75 ML,Alessandro,PFLEGE,42-108,,,true
2748632,4025087421094,PROTECT & REPAIR SPRAY TESTER 50 ML,Alessandro,PFLEGE,42-109,,,true
2748633,4025087421100,PROTECT & REPAIR TINCTURE TESTER 14 ML,Alessandro,PFLEGE,42-110,,,true
2748634,4025087421117,PROTECT & REPAIR NAIL POLISH TESTER 5 ML,Alessandro,PFLEGE,42-111,,,true
2748635,4025087421209,FUSS SCHAUM TESTER 125 ML,Alessandro,PFLEGE,42-120,,,true
2748636,4025087421216,CALLUS SOFTENER SPRAY TESTER 50 ML,Alessandro,PFLEGE,42-121,,,true
2748637,4025087421230,FOOT PEELING 15% TESTER 75 ML,Alessandro,PFLEGE,42-123,,,true
2748638,4025087421247,FOOT BALM 15% TESTER 75 ML,Alessandro,PFLEGE,42-124,,,true
2748639,4025087421254,FOOT CREAM 15% TESTER 75 ML,Alessandro,PFLEGE,42-125,,,true
2748640,4025087421261,FOOT MOUSSE 20% TESTER 125 ML,Alessandro,PFLEGE,42-126,,,true
2748641,4025087422015,HEEL RESCUE BALM KABI 300 ML,Alessandro,PFLEGE,42-201,,,true
2748642,4025087422046,NAIL POLISH CREAM KABI 30 G,Alessandro,PFLEGE,42-204,,,true
2748643,4025087422053,NAIL CARE SERUM KABI 30 ML,Alessandro,PFLEGE,42-205,,,true
2748644,4025087422060,SILKY TOUCH FOOT FUSSPUDERLOTION KABI 300 ML,Alessandro,PFLEGE,42-206,,,true
2748645,4025087422084,ONE MINUTE PEDICURE KABI 450 ML,Alessandro,PFLEGE,42-208,,,true
2748646,4025087422091,REFRESH YOUR FEET 500ML,Alessandro,PFLEGE,42-209,,,true
2748647,4025087422114,REGENERATION FOOT MASK KABI 300ML,Alessandro,PFLEGE,42-211,,,true
2748648,4025087422121,BALANCING MASSAGE OIL 125 ML,Alessandro,PFLEGE,42-212,,,true
2748649,4025087422138,FUSSWANNE MIT 20 HYGIENEEINSAETZEN 1 ST,Alessandro,PFLEGE,42-213,,,true
2748650,4025087422145,FUSSWANNEN-HYGIENEEINSAETZE 50 ST,Alessandro,PFLEGE,42-214,,,true
2748651,4025087422152,SO EASY (EDELSTAHL) 1 ST,Alessandro,PFLEGE,42-215,,,true
2748652,4025087422169,SO EASY REFILL 40 x 80 GRIT 40 ST,Alessandro,PFLEGE,42-216,,,true
2748653,4025087422176,SO EASY REFILL 40 x 120 GRIT 40 ST,Alessandro,PFLEGE,42-217,,,true
2748654,4025087422213,CALLUS SOFTENER SPRAY KABI 125 ML,Alessandro,PFLEGE,42-221,,,true
2748655,4025087425016,HEEL RESCUE BALM PROBE 3ML 25 ST,Alessandro,PFLEGE,42-501,,,true
2748656,4025087425047,NAIL CARE SERUM PROBE 1ML 25 ST,Alessandro,PFLEGE,42-504,,,true
2748657,4025087425078,FUSSKETTCHEN I LOVE MY FEET 1 ST,Alessandro,PFLEGE,42-507,,,true
2748658,4025087426518,FOOT WORKSTATION LEER 1 ST,Alessandro,PFLEGE,42-651,,,true
2748659,4025087426525,FOOT POSTER DIN A1 1 ST,Alessandro,PFLEGE,42-652,,,true
2748660,4025087426532,TOPSELLER DISPLAY HEEL RESCUE BALM 1 ST,Alessandro,PFLEGE,42-653,,,true
2748661,4025087426549,FOOT XXL AUFSTELLER 1 ST,Alessandro,PFLEGE,42-654,,,true
2748662,4025087426556,PFLEGEKOMPASS FUESSE DE 25VE 25 ST,Alessandro,PFLEGE,42-655,,,true
2748663,4025087426693,UREA FOOT POWER POSTER 1 ST,Alessandro,PFLEGE,42-669,,,true
2748664,4025087430034,POLIERFEILE 1 ST,Alessandro,PFLEGE,43-003,0,,true
2748665,4025087430041,KRISTALLNAGELFEILE 280 GRIT 1 ST,Alessandro,PFLEGE,43-004,-1,,true
2748666,4025087430058,BUFFER & FEILE 180 / 180 1 ST,Alessandro,PFLEGE,43-005,0,,true
2748667,4025087430096,UNTERLACK 10 ML,Alessandro,PFLEGE,43-009,7,,true
2748668,4025087430119,UEBERLACK 10 ML,Alessandro,PFLEGE,43-011,,,true
2748669,4025087430171,PRO WHITE 10 ML,Alessandro,PFLEGE,43-017,,,true
2748670,4025087430201,NAGELHAERTER FORMALDEHYDFREI 10 ML,Alessandro,PFLEGE,43-020,0,,true
2748671,4025087430218,EXPRESS NAGELHAERTER 10 ML,Alessandro,PFLEGE,43-021,-2,1,true
2748672,4025087430232,NAGELHAUTOEL 10 ML,Alessandro,PFLEGE,43-023,3,,true
2748673,4025087430256,NAGELPFLEGOEL 10 ML,Alessandro,PFLEGE,43-025,,,true
2748674,4025087430331,NAGELLACKTROCKENSPRAY 50 ML,Alessandro,PFLEGE,43-033,3,,true
2748675,4025087430416,RILLENFUELLER 10 ML,Alessandro,PFLEGE,43-041,6,1,true
2748676,4025087430423,FEUCHTIGSSPENDENDE NAGELCREME 15 G,Alessandro,PFLEGE,43-042,1,,true
2748677,4025087430430,MANGO NAGELSERUM 14 ML,Alessandro,PFLEGE,43-043,0,1,true
2748678,4025087430447,NAGELHAUTENTFERNER 14 ML,Alessandro,PFLEGE,43-044,4,1,true
2748679,4025087430454,DIP IN NAGELLACKENTFERNER 50 ML,Alessandro,PFLEGE,43-045,1,,true
2748680,4025087430461,COCO MANGO NAGELBUTTER 15 G,Alessandro,PFLEGE,43-046,3,1,true
2748681,4025087430485,2 PHASEN NAGELPFLEGESERUM 14 ML,Alessandro,PFLEGE,43-048,8,,true
2748682,4025087460499,MANIKUERE FEILE 100 / 180 1 ST,Alessandro,PFLEGE,43-049,4,,true
2748683,4025087430515,NAGELLACKENTFERNER 175 ML,Alessandro,PFLEGE,43-051,,,true
2748684,4025087431031,POLIERFEILE TESTER 1 ST,Alessandro,PFLEGE,43-103,,,true
2748685,4025087431048,KRISTALLNAGELFEILE 280 GRIT TESTER 1 ST,Alessandro,PFLEGE,43-104,,,true
2748686,4025087431055,BUFFER & FEILE 180 / 180 TESTER 1 ST,Alessandro,PFLEGE,43-105,,,true
2748687,4025087431093,UNTERLACK TESTER 10 ML,Alessandro,PFLEGE,43-109,,,true
2748688,4025087431116,UEBERLACK TESTER 10 ML,Alessandro,PFLEGE,43-111,,,true
2748689,4025087431178,PRO WHITE TESTER 10 ML,Alessandro,PFLEGE,43-117,,,true
2748690,4025087431208,NAGELHAERTER FORMALDEHYDFREI TESTER 10 ML,Alessandro,PFLEGE,43-120,,,true
2748691,4025087431215,EXPRESS NAGELHAERTER TESTER 10 ML,Alessandro,PFLEGE,43-121,,,true
2748692,4025087431239,NAGELHAUTOEL TESTER 10 ML,Alessandro,PFLEGE,43-123,,,true
2748693,4025087431253,NAGELPFLEGOEL TESTER 10 ML,Alessandro,PFLEGE,43-125,,,true
2748694,4025087431338,NAGELLACKTROCKENSPRAY TESTER 50 ML,Alessandro,PFLEGE,43-133,,,true
2748695,4025087431413,RILLENFUELLER TESTER 10 ML,Alessandro,PFLEGE,43-141,,,true
2748696,4025087431420,FEUCHTIGSSPEND. NAGELCREME TESTER 15 G,Alessandro,PFLEGE,43-142,,,true
2748697,4025087431437,MANGO NAGELSERUM TESTER 14 ML,Alessandro,PFLEGE,43-143,,,true
2748698,4025087431444,NAGELHAUTENTFERNER FLUESSIG TESTER 14 ML,Alessandro,PFLEGE,43-144,,,true
2748699,4025087431451,DIP IN NAGELLACKENTFERNER TESTER 50 ML,Alessandro,PFLEGE,43-145,,,true
2748700,4025087431468,COCO MANGO NAGELBUTTER TESTER 15 G,Alessandro,PFLEGE,43-146,,,true
2748701,4025087431482,2 PHASEN NAGELPFLEGESERUM TESTER 14 ML,Alessandro,PFLEGE,43-148,,,true
2748702,4025087431499,MANIKUERE FEILE 100/180 TESTER 1 ST,Alessandro,PFLEGE,43-149,,,true
2748703,4025087431512,NAGELLACKENTFERNER TESTER 175 ML,Alessandro,PFLEGE,43-151,,,true
2748704,4025087432427,FEUCHTIGSSPEND. NAGELCREME KABI 30 G,Alessandro,PFLEGE,43-242,,,true
2748705,4025087432434,MANGO NAGELSERUM KABI 30 ML,Alessandro,PFLEGE,43-243,-1,,true
2748706,4025087432441,NAGELHAUTENTFERNER KABI 30 ML,Alessandro,PFLEGE,43-244,,,true
2748707,4025087432465,COCO MANGO NAGELBUTTER KABI 30 G,Alessandro,PFLEGE,43-246,,,true
2748708,4025087432489,2 PHASEN NAGELPFLEGESERUM KABI 30 ML,Alessandro,PFLEGE,43-248,,,true
2748709,4025087433011,THEKENDISPLAY NAGELPFLEGE LEER 1 ST,Alessandro,PFLEGE,43-301,,,true
2748710,4025087435015,MANGO NAIL SERUM PROBE 1ML 25 ST,Alessandro,PFLEGE,43-501,,,true
2748711,4025087435022,COCO MANGO NAI LBUTTER PROBE 1ML 25 ST,Alessandro,PFLEGE,43-502,,,true
2748712,4025087435312,PRO WHITE FRENCH 10 ML,Alessandro,PFLEGE,43-531,,,true
2748713,4025087435329,PRO WHITE FRENCH TESTER 10 ML,Alessandro,PFLEGE,43-532,,,true
2748714,4025087435411,NAIL THERAPY HARDENER 10 ML,Alessandro,PFLEGE,43-541,2,,true
2748715,4025087435428,NAIL THERAPY HARDENER TESTER 10 ML,Alessandro,PFLEGE,43-542,,,true
2748716,4025087436517,WORKSTATION NAGELPFLEGE LEER 1 ST,Alessandro,PFLEGE,43-651,,,true
2748717,4025087436548,POSTER DIN A1 DE & NL 1 ST,Alessandro,PFLEGE,43-654,,,true
2748718,4025087450018,SOFTKLEBER 5 G,Alessandro,ZUBEHÖR,45-001,,,true
2748719,4025087450025,SOFTKLEBER 10 G,Alessandro,ZUBEHÖR,45-002,,,true
2748720,4025087450032,SOFTKLEBER 20 G,Alessandro,ZUBEHÖR,45-003,,,true
2748721,4025087450186,"PROFI MODELLAGE PINSEL ""GRÖSSE 4"" 1 ST",Alessandro,ZUBEHÖR,45-018,,,true
2748722,4025087450193,MASTER GEL PINSEL OVALE SPITZE 1 ST,Alessandro,ZUBEHÖR,45-019,,,true
2748723,4025087450209,MASTER COLOUR GEL PINSEL 1 ST,Alessandro,ZUBEHÖR,45-020,,,true
2748724,4025087450216,BABYBOOMER PINSEL 1 ST,Alessandro,ZUBEHÖR,45-021,,,true
2748725,4025087450278,ZELETTENSPENDER 1 ST,Alessandro,ZUBEHÖR,45-027,,,true
2748726,4025087450292,GELORDNER TABLETT 1 ST,Alessandro,ZUBEHÖR,45-029,,,true
2748727,4025087450360,"CLEANER STIFT 4,5 ML",Alessandro,ZUBEHÖR,45-036,,,true
2748728,4025087450445,CLEANER STIFT ERSATZSPITZEN 3 ST,Alessandro,ZUBEHÖR,45-044,,,true
2748729,4025087450452,PADROLLE 500 ST / ROLLE,Alessandro,ZUBEHÖR,45-045,,,true
2748730,4025087450469,GLOSSY FINISH 500 ML,Alessandro,ZUBEHÖR,45-046,,,true
2748731,4025087450476,NAGEL-REINIGER 125 ML,Alessandro,ZUBEHÖR,45-047,,,true
2748732,4025087450490,ALE SCHUTZSCHEIBE FUER DEN NAGELTISCH 1 ST,Alessandro,ZUBEHÖR,45-049,,,true
2748733,4025087450582,MASKENPINSEL 1 ST,Alessandro,ZUBEHÖR,45-058,,,true
2748734,4025087450902,FARBFÄCHER RING GEFÜLLT 50 Tips,Alessandro,ZUBEHÖR,45-090,,,true
2748735,4025087450919,NACHFÜLLUNG FARBFÄCHER 50 TIPS 50 Tips,Alessandro,ZUBEHÖR,45-091,,,true
2748736,4025087450940,GEL XPERT SPITZ 1 ST,Alessandro,ZUBEHÖR,45-094,,,true
2748737,4025087450957,GEL XPERT KATZENZUNGE 1 ST,Alessandro,ZUBEHÖR,45-095,,,true
2748738,4025087450964,GEL XPERT FLACH 1 ST,Alessandro,ZUBEHÖR,45-096,,,true
2748739,4025087450971,XTREME FINE NAIL ART PINSEL 1 ST,Alessandro,ZUBEHÖR,45-097,,,true
2748740,4025087451039,NAGELHAUTSCHIEBER DELUXE 1 ST,Alessandro,NATURNAGELVERSTÄRKUNG,45-103,,,true
2748741,4025087451060,TIP CUTTER 1 ST,Alessandro,ZUBEHÖR,45-106,,,true
2748742,4025087451084,ECKENZANGE ROSTFREI MATTIERT 1 ST,Alessandro,ZUBEHÖR,45-108,,,true
2748743,4025087451091,EXKAVATOR 1 ST,Alessandro,ZUBEHÖR,45-109,,,true
2748744,4025087451107,ECKENFEILE DOPPELINSTRUMENT 1 ST,Alessandro,ZUBEHÖR,45-110,,,true
2748745,4025087451114,HAUTZANGE MIT SCHERENGRIFF 1 ST,Alessandro,ZUBEHÖR,45-111,,,true
2748746,4025087451121,NAGELZANGE FÜR PEDICURE 10CM 1 ST,Alessandro,ZUBEHÖR,45-112,,,true
2748747,4025087451138,HAUTZANGE 10CM 1 ST,Alessandro,ZUBEHÖR,45-113,,,true
2748748,4025087451176,NAGELKNIPSER GROß 1 ST,Alessandro,ZUBEHÖR,45-117,,,true
2748749,4025087452005,HIGH SPEED FEILE BANANA 100/100 10 ST,Alessandro,ZUBEHÖR,45-200,,,true
2748750,4025087452012,HIGH SPEED FEILE 100/100 10 ST,Alessandro,ZUBEHÖR,45-201,,,true
2748751,4025087452029,HIGH SPEED FEILE 150/150 10 ST,Alessandro,ZUBEHÖR,45-202,,,true
2748752,4025087452036,HIGH SPEED FEILE 180/180 10 ST,Alessandro,ZUBEHÖR,45-203,,,true
2748753,4025087452043,HIGH SPEED FEILE MOON 100/100 10 ST,Alessandro,ZUBEHÖR,45-204,,,true
2748754,4025087452050,HIGH SPEED FEILE MOON 150/150 10 ST,Alessandro,ZUBEHÖR,45-205,,,true
2748755,4025087452067,HIGH SPEED FEILE MOON 100/180 10 ST,Alessandro,ZUBEHÖR,45-206,,,true
2748756,4025087452074,PROFESSIONAL FEILE ROSA 100 / 180 10 ST,Alessandro,ZUBEHÖR,45-207,-1,,true
2748757,4025087452081,PROFESSIONAL FEILE SCHWARZ 100 / 180 10 ST,Alessandro,ZUBEHÖR,45-208,,,true
2748758,4025087452098,PROFESSIONAL SANDPAPIERFEILE 180/240 10 ST,Alessandro,ZUBEHÖR,45-209,,,true
2748759,4025087452104,NAIL BUFFER 100 / 180 10 ST,Alessandro,ZUBEHÖR,45-210,,,true
2748760,4025087452111,SCHLEIFBLOCK 10 ST,Alessandro,ZUBEHÖR,45-211,,,true
2748761,4025087452128,NAIL BUFFER MOON 100 / 180 10 ST,Alessandro,ZUBEHÖR,45-212,,,true
2748762,4025087452135,HIGH SPEED POLIERFEILE (2-fach) 10 ST,Alessandro,ZUBEHÖR,45-213,,,true
2748763,4025087452166,HIGH SPEED FEILE MOON 180 / 180 10 ST,Alessandro,ZUBEHÖR,45-216,,,true
2748764,4025087452173,HIGH SPEED FEILE 100 / 180 10 ST,Alessandro,ZUBEHÖR,45-217,,,true
2748765,4025087452180,PROFESSIONAL FEILE FEIN 240 / 240 10 ST,Alessandro,ZUBEHÖR,45-218,,,true
2748766,4025087452197,HIGH SPEED POLIERFEILE MOON 10 ST,Alessandro,ZUBEHÖR,45-219,,,true
2748767,4025087452227,NAIL BUFFER MOON 220 / 280 10 ST,Alessandro,ZUBEHÖR,45-222,,,true
2748768,4025087452241,HYBRIDFEILE BUFFER/FEILE 100/100 10 ST,Alessandro,ZUBEHÖR,45-224,,,true
2748769,4025087452258,HYBRIDFEILE BUFFER/FEILE 100/150 10 ST,Alessandro,ZUBEHÖR,45-225,,,true
2748770,4025087452265,HYBRIDFEILE BUFFER/FEILE 100/180 10 ST,Alessandro,ZUBEHÖR,45-226,,,true
2748771,4025087452289,NAGELSCHABLONE CUTOUTS 500 ST / ROLLE,Alessandro,ZUBEHÖR,45-228,,,true
2748772,4025087452296,SCHLEIFBLOCK FEIN 10 ST,Alessandro,ZUBEHÖR,45-229,,,true
2748773,4025087452302,NAGELSERUM 7 ML,Alessandro,ZUBEHÖR,45-230,,,true
2748774,4025087452319,PROFI EDELSTAHL FEILENKOERPER 1 ST,Alessandro,ZUBEHÖR,45-231,,,true
2748775,4025087452326,MOON STAHL FEILENKOERPER 1 ST,Alessandro,ZUBEHÖR,45-232,,,true
2748776,4025087452333,PROFI WECHSEL FEILBLAETTER 100 GRIT 50 ST,Alessandro,ZUBEHÖR,45-233,,,true
2748777,4025087452340,PROFI WECHSEL FEILBLAETTER 180 GRIT 50 ST,Alessandro,ZUBEHÖR,45-234,,,true
2748778,4025087452357,PROFI WECHSEL FEILBLAETTER 240 GRIT 50 ST,Alessandro,ZUBEHÖR,45-235,,,true
2748779,4025087452364,MOON WECHSEL FEILBLAETTER 100 GRIT 50 ST,Alessandro,ZUBEHÖR,45-236,,,true
2748780,4025087452371,MOON WECHSEL FEILBLAETTER 180 GRIT 50 ST,Alessandro,ZUBEHÖR,45-237,,,true
2748781,4025087452388,MOON WECHSEL FEILBLAETTER 240 GRIT 50 ST,Alessandro,ZUBEHÖR,45-238,,,true
2748782,4025087452395,BUFFER FINGERHALTER 1 ST,Alessandro,ZUBEHÖR,45-239,,,true
2748783,4025087452401,BUFFER PADS 80 12 ST,Alessandro,ZUBEHÖR,45-240,,,true
2748784,4025087452418,BUFFER PADS 120 12 ST,Alessandro,ZUBEHÖR,45-241,,,true
2748785,4025087452425,BUFFER PADS 150 12 ST,Alessandro,ZUBEHÖR,45-242,,,true
2748786,4025087452432,WECHSELFEILBLÄTTER POLIEREN PROFI 50 ST,Alessandro,ZUBEHÖR,45-243,,,true
2748787,4025087452449,WECHSELFEILBLÄTTER POLIEREN MOON 50 ST,Alessandro,ZUBEHÖR,45-244,,,true
2748788,4025087452456,WECHSELFEILBLÄTTER BUILDER MOON 50 ST,Alessandro,ZUBEHÖR,45-245,,,true
2748789,4025087452463,WECHSELFEILBLÄTTER BUILDER PROFI 50 ST,Alessandro,ZUBEHÖR,45-246,,,true
2748790,4025087452470,BUFFER MOON WECHSEL FEILBLAETTER 180 GRIT 50 ST,Alessandro,ZUBEHÖR,45-247,,,true
2748791,4025087452487,BUFFER MOON WECHSEL FEILBLAETTER 220 GRIT 50 ST,Alessandro,ZUBEHÖR,45-248,,,true
2748792,4025087453002,ARBEITSUNTERLAGE PAPIER 50 ST,Alessandro,ZUBEHÖR,45-300,,,true
2748793,4025087453026,ARBEITSUNTERLAGE SILIKON 1 STCK 1 ST,Alessandro,ZUBEHÖR,45-302,,,true
2748794,4025087453064,ALESSANDRO HANDTUCH WEISS 50X30CM 1 ST,Alessandro,ZUBEHÖR,45-306,,,true
2748795,4025087453125,ALE NITRIL HANDSCHUHE PINK PUDERFREI L 100 ST,Alessandro,ZUBEHÖR,45-312,,,true
2748796,4025087453156,LATEX HANDSCHUHE SCHWARZ PUDERFREI L 100 ST,Alessandro,ZUBEHÖR,45-315,,,true
2748797,4025087453248,ERSATZ HANDPOLSTER LOW HEAT DYNAMIC 1 ST,Alessandro,GERÄTE,45-324,,,true
2748798,4025087454115,SOAK OFF REMOVER WRAPS 100 ST,Alessandro,ZUBEHÖR,45-411,,,true
2748799,4025087454139,SOAK OFF LIQUID 500 ML,Alessandro,ZUBEHÖR,45-413,,,true
2748800,4025087454146,SOAK OFF LIQUID 3 L,Alessandro,ZUBEHÖR,45-414,,,true
2748801,4025087454160,"NAIL POLISH REMOVER, ACETONFREI 125 ML",Alessandro,ZUBEHÖR,45-416,1,,true
2748802,4025087454177,SOAK OFF LIQUID 125 ML,Alessandro,ZUBEHÖR,45-417,,,true
2748803,4025087454191,"GLOSSY FINISH 2,5 L",Alessandro,ZUBEHÖR,45-419,,,true
2748804,4025087454207,GLOSSY FINISH 125 ML,Alessandro,ZUBEHÖR,45-420,,,true
2748805,4025087454221,100% NATÜRLICHER NAGELLACKENTFERNER 125 ML,Alessandro,NAGELLACKE,45-422,1,,true
2748806,4025087455020,MOBILER E-FRÄSER DELUXE 1 ST,Alessandro,GERÄTE,45-502,,,true
2748807,4025087455075,FRAESER MIT STAUBABSAUGUNG 1 ST,Alessandro,GERÄTE,45-507,,,true
2748808,4025087455099,STAUBABSAUGUNG COMPACT 1 ST,Alessandro,GERÄTE,45-509,,,true
2748809,4025087455105,BIT SAPHIR CUTICULA 2 ST,Alessandro,GERÄTE,45-510,,,true
2748810,4025087455112,BIT TIN SPEED PLUS 1 ST,Alessandro,GERÄTE,45-511,,,true
2748811,4025087455129,BIT TIN SPEED 1 ST,Alessandro,GERÄTE,45-512,,,true
2748812,4025087455136,BIT HM SPEED PLUS 1 ST,Alessandro,GERÄTE,45-513,,,true
2748813,4025087455143,BIT HM SPEED 1 ST,Alessandro,GERÄTE,45-514,,,true
2748814,4025087455150,BIT HM SCHMAL 1 ST,Alessandro,GERÄTE,45-515,,,true
2748815,4025087455167,BIT DIAMANT 2 ST,Alessandro,GERÄTE,45-516,,,true
2748816,4025087455174,BIT HM DETAIL 2 ST,Alessandro,GERÄTE,45-517,,,true
2748817,4025087455211,MESSINGBÜRSTE 1 ST,Alessandro,GERÄTE,45-521,,,true
2748818,4025087455228,KERAMIKFRAESERKOPF K431SPEED 1 ST,Alessandro,GERÄTE,45-522,,,true
2748819,4025087455235,KERAMIKFRAESER K425X 1 ST,Alessandro,GERÄTE,45-523,,,true
2748820,4025087455242,KERAMIKFRAESER K424GQSR 1 ST,Alessandro,GERÄTE,45-524,,,true
2748821,4025087455259,BIT HM SPEED 425 MQS 060 MITTEL 1 ST,Alessandro,GERÄTE,45-525,,,true
2748822,4025087455273,ARBEITSLEUCHTE LED LIGHT 1 ST,Alessandro,GERÄTE,45-527,,,true
2748823,4025087455280,FUSS ARBEITSLEUCHTE LED 1 ST,Alessandro,GERÄTE,45-528,,,true
2748824,4025087455297,UV-C STERILUX AIR LUFTENTKEIMER 1 ST,Alessandro,GERÄTE,45-529,,,true
2748825,4025087455303,SPENDERPUMPE FÜR 3 L KANISTER 1 ST,Alessandro,ZUBEHÖR,45-530,,,true
2748826,4025087455310,STAUBBEUTEL AUS MICRO FLEECE 3 ST,Alessandro,GERÄTE,45-531,,,true
2748827,4025087455327,STAUBBEUTEL AUS SYNTHET. PAPIER 3 ST,Alessandro,GERÄTE,45-532,,,true
2748828,4025087455419,HYBRID CAP TRAEGER 309L 1 ST,Alessandro,GERÄTE,45-541,,,true
2748829,4025087455426,HYBRID CAP 6880L GROBE KOERNUNG 1 ST,Alessandro,GERÄTE,45-542,,,true
2748830,4025087455433,HYBRID CAP 880L MITTLERE KOERNUNG 1 ST,Alessandro,GERÄTE,45-543,,,true
2748831,4025087455440,HYBRID CAP 8880L FEINE KOERNUNG 1 ST,Alessandro,GERÄTE,45-544,,,true
2748832,4025087455464,BIT HYGIENE BOX STERI SAFE PRO 1 ST,Alessandro,GERÄTE,45-546,,,true
2748833,4025087455501,KERAMIKFRAESER K423FX 1 ST,Alessandro,GERÄTE,45-550,,,true
2748834,4025087455518,"DIAMANT FRAESER 854 (0,33) 1 ST",Alessandro,GERÄTE,45-551,,,true
2748835,4025087455525,HYBRID CUTTER HT852 1 ST,Alessandro,GERÄTE,45-552,,,true
2748836,4025087455532,KERAMIK FRAESER K432X 1 ST,Alessandro,GERÄTE,45-553,,,true
2748837,4025087455549,DIAMANT FRAESER 840S 1 ST,Alessandro,GERÄTE,45-554,,,true
2748838,4025087455556,DIAMANT FRAESER 841T 1 ST,Alessandro,GERÄTE,45-555,,,true
2748839,4025087455563,DIAMANT FRAESER 8805T 1 ST,Alessandro,GERÄTE,45-556,,,true
2748840,4025087455761,FRAESER TOUCH & CUT 1 ST,Alessandro,GERÄTE,45-576,,,true
2748841,4025087455778,PRO EXCELLENCE PRAEZISIONSFRÄSER 1 ST,Alessandro,GERÄTE,45-577,,,true
2748842,4025087455785,BASIC PERFORMANCE FRÄSER 1 ST,Alessandro,GERÄTE,45-578,,,true
2748843,4025087455822,WHITE BOX LED / UV LAMPE 1 ST,Alessandro,GERÄTE,45-582,,,true
2748844,4025087455839,WIRELESS SMART LED LAMP WHITE 1 ST,Alessandro,GERÄTE,45-583,,,true
2748845,4025087455846,LOW HEAT DYNAMIC LAMPE 1 ST,Alessandro,GERÄTE,45-584,,,true
2748846,4025087455853,WHITE PEARL LED LAMPE 1 ST,Alessandro,GERÄTE,45-585,,,true
2748847,4025087455860,PEDI BOW LAMP LED 1 ST,Alessandro,GERÄTE,45-586,,,true
2748848,4025087455877,LUPENLEUCHTE MIT STATIV 1 ST,Alessandro,MÖBEL,45-587,,,true
2748849,4025087455891,ULTRASCHALL REINIGUNGSGERÄT 1 ST,Alessandro,GERÄTE,45-589,,,true
2748850,4025087459011,CC TIP KLAR SORTIERT (GR. 1-10) 200 ST,Alessandro,ZUBEHÖR,45-901,,,true
2748851,4025087459028,CC TIP MILKY SORTIERT (GR. 1-10) 200 ST,Alessandro,ZUBEHÖR,45-902,,,true
2748852,4025087459103,NACHFÜLLUNG CC TIPS KLAR GR. 10 50 ST,Alessandro,ZUBEHÖR,45-910,,,true
2748853,4025087459110,NACHFÜLLUNG CC TIPS KLAR GR. 1 50 ST,Alessandro,ZUBEHÖR,45-911,,,true
2748854,4025087459127,NACHFÜLLUNG CC TIPS KLAR GR. 2 50 ST,Alessandro,ZUBEHÖR,45-912,,,true
2748855,4025087459134,NACHFÜLLUNG CC TIPS KLAR GR. 3 50 ST,Alessandro,ZUBEHÖR,45-913,,,true
2748856,4025087459141,NACHFÜLLUNG CC TIPS KLAR GR. 4 50 ST,Alessandro,ZUBEHÖR,45-914,,,true
2748857,4025087459158,NACHFÜLLUNG CC TIPS KLAR GR. 5 50 ST,Alessandro,ZUBEHÖR,45-915,,,true
2748858,4025087459165,NACHFÜLLUNG CC TIPS KLAR GR. 6 50 ST,Alessandro,ZUBEHÖR,45-916,,,true
2748859,4025087459172,NACHFÜLLUNG CC TIPS KLAR GR. 7 50 ST,Alessandro,ZUBEHÖR,45-917,,,true
2748860,4025087459189,NACHFÜLLUNG CC TIPS KLAR GR. 8 50 ST,Alessandro,ZUBEHÖR,45-918,,,true
2748861,4025087459196,NACHFÜLLUNG CC TIPS KLAR GR. 9 50 ST,Alessandro,ZUBEHÖR,45-919,,,true
2748862,4025087459202,NACHFÜLLUNG CC TIPS MILKY GR. 10 50 ST,Alessandro,ZUBEHÖR,45-920,,,true
2748863,4025087459219,NACHFÜLLUNG CC TIPS MILKY GR. 1 50 ST,Alessandro,ZUBEHÖR,45-921,,,true
2748864,4025087459226,NACHFÜLLUNG CC TIPS MILKY GR. 2 50 ST,Alessandro,ZUBEHÖR,45-922,,,true
2748865,4025087459233,NACHFÜLLUNG CC TIPS MILKY GR. 3 50 ST,Alessandro,ZUBEHÖR,45-923,,,true
2748866,4025087459240,NACHFÜLLUNG CC TIPS MILKY GR. 4 50 ST,Alessandro,ZUBEHÖR,45-924,,,true
2748867,4025087459257,NACHFÜLLUNG CC TIPS MILKY GR. 5 50 ST,Alessandro,ZUBEHÖR,45-925,,,true
2748868,4025087459264,NACHFÜLLUNG CC TIPS MILKY GR. 6 50 ST,Alessandro,ZUBEHÖR,45-926,,,true
2748869,4025087459271,NACHFÜLLUNG CC TIPS MILKY GR. 7 50 ST,Alessandro,ZUBEHÖR,45-927,,,true
2748870,4025087459288,NACHFÜLLUNG CC TIPS MILKY GR. 8 50 ST,Alessandro,ZUBEHÖR,45-928,,,true
2748871,4025087459295,NACHFÜLLUNG CC TIPS MILKY GR. 9 50 ST,Alessandro,ZUBEHÖR,45-929,,,true
2748872,4025087459301,PH TIP BOX NATURE GROESSE 1-10 200ST 200 ST,Alessandro,ZUBEHÖR,45-930,,,true
2748873,4025087459318,NACHFUELLUNG PH TIPS GR. 1 50ST 50 ST,Alessandro,ZUBEHÖR,45-931,,,true
2748874,4025087459325,NACHFUELLUNG PH TIPS GR. 2 50ST 50 ST,Alessandro,ZUBEHÖR,45-932,,,true
2748875,4025087459332,NACHFUELLUNG PH TIPS GR. 3 50ST 50 ST,Alessandro,ZUBEHÖR,45-933,,,true
2748876,4025087459349,NACHFUELLUNG PH TIPS GR. 4 50ST 50 ST,Alessandro,ZUBEHÖR,45-934,,,true
2748877,4025087459356,NACHFUELLUNG PH TIPS GR. 5 50ST 50 ST,Alessandro,ZUBEHÖR,45-935,,,true
2748878,4025087459363,NACHFUELLUNG PH TIPS GR. 6 50ST 50 ST,Alessandro,ZUBEHÖR,45-936,,,true
2748879,4025087459370,NACHFUELLUNG PH TIPS GR. 7 50ST 50 ST,Alessandro,ZUBEHÖR,45-937,,,true
2748880,4025087459387,NACHFUELLUNG PH TIPS GR. 8 50ST 50 ST,Alessandro,ZUBEHÖR,45-938,,,true
2748881,4025087459394,NACHFUELLUNG PH TIPS GR. 9 50ST 50 ST,Alessandro,ZUBEHÖR,45-939,,,true
2748882,4025087459400,NACHFUELLUNG PH TIPS GR. 10 50ST 50 ST,Alessandro,ZUBEHÖR,45-940,,,true
2748883,4025087459417,NACHFÜLLUNG PL TIPS GR. 1 50ST 50 ST,Alessandro,ZUBEHÖR,45-941,,,true
2748884,4025087459424,NACHFÜLLUNG PL TIPS GR. 2 50ST 50 ST,Alessandro,ZUBEHÖR,45-942,,,true
2748885,4025087459431,NACHFÜLLUNG PL TIPS GR. 3 50ST 50 ST,Alessandro,ZUBEHÖR,45-943,,,true
2748886,4025087459448,NACHFÜLLUNG PL TIPS GR. 4 50ST 50 ST,Alessandro,ZUBEHÖR,45-944,,,true
2748887,4025087459455,NACHFÜLLUNG PL TIPS GR. 5 50ST 50 ST,Alessandro,ZUBEHÖR,45-945,,,true
2748888,4025087459462,NACHFÜLLUNG PL TIPS GR. 6 50ST 50 ST,Alessandro,ZUBEHÖR,45-946,,,true
2748889,4025087459479,NACHFÜLLUNG PL TIPS GR. 7 50ST 50 ST,Alessandro,ZUBEHÖR,45-947,,,true
2748890,4025087459486,NACHFÜLLUNG PL TIPS GR. 8 50ST 50 ST,Alessandro,ZUBEHÖR,45-948,,,true
2748891,4025087459493,NACHFÜLLUNG PL TIPS GR. 9 50ST 50 ST,Alessandro,ZUBEHÖR,45-949,,,true
2748892,4025087459509,NACHFÜLLUNG PL TIPS GR. 10 50ST 50 ST,Alessandro,ZUBEHÖR,45-950,,,true
2748893,4025087459516,PL TIP BOX NATURE GROESSE 1-10 200ST 200 PCS,Alessandro,ZUBEHÖR,45-951,,,true
2748894,4025087481005,STRIPLAC FARBKARTE 40 1 ST,Alessandro,UV/LED FARBSYSTEME,48-100,,,true
2748895,4025087481012,STRIPLAC PEEL OR SOAK WHITE HONEYMOON 8 ML,Alessandro,UV/LED FARBSYSTEME,48-101,,,true
2748896,4025087481029,STRIPLAC PEEL OR SOAK HEAVENS NUDE 8 ML,Alessandro,UV/LED FARBSYSTEME,48-102,,,true
2748897,4025087481036,STRIPLAC PEEL OR SOAK PRETTY BALLERINA 8 ML,Alessandro,UV/LED FARBSYSTEME,48-103,,,true
2748898,4025087481043,STRIPLAC PEEL OR SOAK BABY PINK 8 ML,Alessandro,UV/LED FARBSYSTEME,48-104,,,true
2748899,4025087481050,STRIPLAC PEEL OR SOAK NUDE ELEGANCE 8 ML,Alessandro,UV/LED FARBSYSTEME,48-105,,,true
2748900,4025087481067,STRIPLAC PEEL OR SOAK HEY THERE 8 ML,Alessandro,UV/LED FARBSYSTEME,48-106,,,true
2748901,4025087481074,STRIPLAC PEEL OR SOAK HAWAIIAN DREAM 8 ML,Alessandro,UV/LED FARBSYSTEME,48-107,,,true
2748902,4025087481081,STRIPLAC PEEL OR SOAK SINFUL GLOW 8 ML,Alessandro,UV/LED FARBSYSTEME,48-108,,,true
2748903,4025087481098,STRIPLAC PEEL OR SOAK CHAMPAGNE SHOWER 8 ML,Alessandro,UV/LED FARBSYSTEME,48-109,,,true
2748904,4025087481104,STRIPLAC PEEL OR SOAK PANAMA HUT 8 ML,Alessandro,UV/LED FARBSYSTEME,48-110,,,true
2748905,4025087481111,STRIPLAC PEEL OR SOAK ROSE ME IF YOU CAN 8 ML,Alessandro,UV/LED FARBSYSTEME,48-111,,,true
2748906,4025087481128,STRIPLAC PEEL OR SOAK MEET ME IN PARIS 8 ML,Alessandro,UV/LED FARBSYSTEME,48-112,,,true
2748907,4025087481135,STRIPLAC PEEL OR SOAK CLASSIC ROSY WIND 8 ML,Alessandro,UV/LED FARBSYSTEME,48-113,,,true
2748908,4025087481142,STRIPLAC PEEL OR SOAK CASHMERE TOUCH 8 ML,Alessandro,UV/LED FARBSYSTEME,48-114,,,true
2748909,4025087481159,STRIPLAC PEEL OR SOAK YOGA MORNING 8 ML,Alessandro,UV/LED FARBSYSTEME,48-115,,,true
2748910,4025087481166,STRIPLAC PEEL OR SOAK MOUSE GREY 8 ML,Alessandro,UV/LED FARBSYSTEME,48-116,,,true
2748911,4025087481173,STRIPLAC PEEL OR SOAK THE HELL MACHINE 8 ML,Alessandro,UV/LED FARBSYSTEME,48-117,,,true
2748912,4025087481180,STRIPLAC PEEL OR SOAK NEW YORK GREY 8 ML,Alessandro,UV/LED FARBSYSTEME,48-118,,,true
2748913,4025087481197,STRIPLAC PEEL OR SOAK MIDNIGHT BLACK 8 ML,Alessandro,UV/LED FARBSYSTEME,48-119,,,true
2748914,4025087481203,STRIPLAC PEEL OR SOAK POETIC BLUES 8 ML,Alessandro,UV/LED FARBSYSTEME,48-120,,,true
2748915,4025087481210,STRIPLAC PEEL OR SOAK SUPERSTITION BLUE 8 ML,Alessandro,UV/LED FARBSYSTEME,48-121,,,true
2748916,4025087481227,STRIPLAC PEEL OR SOAK CLASSIC RED 8 ML,Alessandro,UV/LED FARBSYSTEME,48-122,,,true
2748917,4025087481234,STRIPLAC PEEL OR SOAK RUBY RED 8 ML,Alessandro,UV/LED FARBSYSTEME,48-123,,,true
2748918,4025087481241,STRIPLAC PEEL OR SOAK RED PARADISE 8 ML,Alessandro,UV/LED FARBSYSTEME,48-124,,,true
2748919,4025087481258,STRIPLAC PEEL OR SOAK BE MY LOVER 8 ML,Alessandro,UV/LED FARBSYSTEME,48-125,,,true
2748920,4025087481265,STRIPLAC PEEL OR SOAK VELVET RED 8 ML,Alessandro,UV/LED FARBSYSTEME,48-126,,,true
2748921,4025087481272,STRIPLAC PEEL OR SOAK MIDNIGHT RED 8 ML,Alessandro,UV/LED FARBSYSTEME,48-127,,,true
2748922,4025087481289,STRIPLAC PEEL OR SOAK ROUGE NOIR 8 ML,Alessandro,UV/LED FARBSYSTEME,48-128,,,true
2748923,4025087481296,STRIPLAC PEEL OR SOAK LILLY BILLY 8 ML,Alessandro,UV/LED FARBSYSTEME,48-129,,,true
2748924,4025087481302,STRIPLAC PEEL OR SOAK CORAL SUNSHINE 8 ML,Alessandro,UV/LED FARBSYSTEME,48-130,,,true
2748925,4025087481319,STRIPLAC PEEL OR SOAK GOSSIP BABE 8 ML,Alessandro,UV/LED FARBSYSTEME,48-131,,,true
2748926,4025087481326,STRIPLAC PEEL OR SOAK JOY IS BACK 8 ML,Alessandro,UV/LED FARBSYSTEME,48-132,,,true
2748927,4025087481333,STRIPLAC PEEL OR SOAK BUBBLE GUM 8 ML,Alessandro,UV/LED FARBSYSTEME,48-133,,,true
2748928,4025087481340,STRIPLAC PEEL OR SOAK JUAN´S KISS 8 ML,Alessandro,UV/LED FARBSYSTEME,48-134,,,true
2748929,4025087481357,STRIPLAC PEEL OR SOAK PINK DIVA 8 ML,Alessandro,UV/LED FARBSYSTEME,48-135,,,true
2748930,4025087481364,STRIPLAC PEEL OR SOAK YES IT´S LOVE 8 ML,Alessandro,UV/LED FARBSYSTEME,48-136,,,true
2748931,4025087481371,STRIPLAC PEEL OR SOAK PETITE NANA 8 ML,Alessandro,UV/LED FARBSYSTEME,48-137,,,true
2748932,4025087481388,STRIPLAC PEEL OR SOAK WINE AND SOUL 8 ML,Alessandro,UV/LED FARBSYSTEME,48-138,,,true
2748933,4025087481395,STRIPLAC PEEL OR SOAK LAZY DAY 8 ML,Alessandro,UV/LED FARBSYSTEME,48-139,,,true
2748934,4025087481401,STRIPLAC PEEL OR SOAK GOOD NIGHT UNIVERSE 8 ML,Alessandro,UV/LED FARBSYSTEME,48-140,,,true
2748935,4025087481418,STRIPLAC PEEL OR SOAK DRUNK OF LOVE 8ML 8 ML,Alessandro,UV/LED FARBSYSTEME,48-141,,,true
2748936,4025087481425,STRIPLAC PEEL OR SOAK RED ILLUSION 8ML 8 ML,Alessandro,UV/LED FARBSYSTEME,48-142,,,true
2748937,4025087481432,STRIPLAC PEEL OR SOAK ELEGANT RUBIN 8ML 8 ML,Alessandro,UV/LED FARBSYSTEME,48-143,,,true
2748938,4025087481449,STRIPLAC PEEL OR SOAK SECRET RED 8ML 8 ML,Alessandro,UV/LED FARBSYSTEME,48-144,,,true
2748939,4025087481456,STRIPLAC PEEL OR SOAK BEACH RED 8ML 8 ML,Alessandro,UV/LED FARBSYSTEME,48-145,,,true
2748940,4025087481463,STRIPLAC PEEL OR SOAK LOBSTER LOVE 8ML 8 ML,Alessandro,UV/LED FARBSYSTEME,48-146,,,true
2748941,4025087481470,STRIPLAC PEEL OR SOAK TIGER`S EYE 8ML 8 ML,Alessandro,UV/LED FARBSYSTEME,48-147,,,true
2748942,4025087481487,STRIPLAC PEEL OR SOAK STREET GLAM 8ML 8 ML,Alessandro,UV/LED FARBSYSTEME,48-148,,,true
2748943,4025087481494,STRIPLAC PEEL OR SOAK URBAN BLUSH 8ML 8 ML,Alessandro,UV/LED FARBSYSTEME,48-149,,,true
2748944,4025087481500,STRIPLAC PEEL OR SOAK HAPPY PINK 8ML 8 ML,Alessandro,UV/LED FARBSYSTEME,48-150,,,true
2748945,4025087481517,STRIPLAC PEEL OR SOAK BONFIRE 8ML 8 ML,Alessandro,UV/LED FARBSYSTEME,48-151,,,true
2748946,4025087481524,STRIPLAC PEEL OR SOAK VELVET TAUPE 8ML 8 ML,Alessandro,UV/LED FARBSYSTEME,48-152,,,true
2748947,4025087481531,STRIPLAC PEEL OR SOAK GREY ELEGANCE 8ML 8 ML,Alessandro,UV/LED FARBSYSTEME,48-153,,,true
2748948,4025087481548,STRIPLAC PEEL OR SOAK MALEDIVIA 8ML 8 ML,Alessandro,UV/LED FARBSYSTEME,48-154,,,true
2748949,4025087481555,STRIPLAC PEEL OR SOAK SNOWMANN`S BLESSING 8ML 8 ML,Alessandro,UV/LED FARBSYSTEME,48-155,,,true
2748950,4025087481562,STRIPLAC PEEL OR SOAK PETROL LOVE 8ML 8 ML,Alessandro,UV/LED FARBSYSTEME,48-156,,,true
2748951,4025087481579,STRIPLAC PEEL OR SOAK ITALIAN CHIC 8ML 8 ML,Alessandro,UV/LED FARBSYSTEME,48-157,,,true
2748952,4025087481586,STRIPLAC PEEL OR SOAK BACK TO THE 90s! 8ML 8 ML,Alessandro,UV/LED FARBSYSTEME,48-158,,,true
2748953,4025087481593,STRIPLAC PEEL OR SOAK CHEERS! 8ML 8 ML,Alessandro,UV/LED FARBSYSTEME,48-159,,,true
2748954,4025087481609,STRIPLAC PEEL OR SOAK INSPIRING 8ML 8 ML,Alessandro,UV/LED FARBSYSTEME,48-160,,,true
2748955,4025087481616,STRIPLAC PEEL OR SOAK POPCORN LOVE 8ML 8 ML,Alessandro,UV/LED FARBSYSTEME,48-161,,,true
2748956,4025087481623,STRIPLAC PEEL OR SOAK ICE CREAM 8ML 8 ML,Alessandro,UV/LED FARBSYSTEME,48-162,,,true
2748957,4025087481630,STRIPLAC PEEL OR SOAKL UNICORN CAKE 8ML 8 ML,Alessandro,UV/LED FARBSYSTEME,48-163,,,true
2748958,4025087481647,STRIPLAC PEEL OR SOAK LAVENDER LEMONADE 8ML 8 ML,Alessandro,UV/LED FARBSYSTEME,48-164,,,true
2748959,4025087481654,STRIPLAC PEEL OR SOAK BLUEBERRY SLUSH 8ML 8 ML,Alessandro,UV/LED FARBSYSTEME,48-165,,,true
2748960,4025087481661,STRIPLAC PEEL OR SOAK GOOD SPIRIT 8ML 8 ML,Alessandro,UV/LED FARBSYSTEME,48-166,,,true
2748961,4025087481678,STRIPLAC PEEL OR SOAK VELVET SPRING 8ML 8 ML,Alessandro,UV/LED FARBSYSTEME,48-167,,,true
2748962,4025087481685,STRIPLAC PEEL OR SOAK FLOWER CROWN 8ML 8 ML,Alessandro,UV/LED FARBSYSTEME,48-168,,,true
2748963,4025087481692,STRIPLAC PEEL OR SOAK FEEL FREE 8ML 8 ML,Alessandro,UV/LED FARBSYSTEME,48-169,,,true
2748964,4025087481708,STRIPLAC PEEL OR SOAK HULA LOVE 8ML 8 ML,Alessandro,UV/LED FARBSYSTEME,48-170,,,true
2748965,4025087481715,STRIPLAC PEEL OR SOAK KISS MY COLOUR 8ML 8 ML,Alessandro,UV/LED FARBSYSTEME,48-171,,,true
2748966,4025087481722,STRIPLAC PEEL OR SOAK COSMO COCKTAIL 8ML 8 ML,Alessandro,UV/LED FARBSYSTEME,48-172,,,true
2748967,4025087481739,STRIPLAC PEEL OR SOAK DON´T LET ME WAIT 8ML 8 ML,Alessandro,UV/LED FARBSYSTEME,48-173,,,true
2748968,4025087481746,STRIPLAC PEEL OR SOAK LIPSTIC RED 8ML 8 ML,Alessandro,UV/LED FARBSYSTEME,48-174,,,true
2748969,4025087481753,STRIPLAC PEEL OR SOAK THE ELEFANT WAY 8ML 8 ML,Alessandro,UV/LED FARBSYSTEME,48-175,,,true
2748970,4025087481760,STRIPLAC PEEL OR SOAK MIX MY DRINK 8ML 8 ML,Alessandro,UV/LED FARBSYSTEME,48-176,,,true
2748971,4025087481777,STRIPLAC PEEL OR SOAK SEASIDE 8ML 8 ML,Alessandro,UV/LED FARBSYSTEME,48-177,,,true
2748972,4025087481784,STRIPLAC PEEL OR SOAK CLASSIC BLUE 8ML 8 ML,Alessandro,UV/LED FARBSYSTEME,48-178,,,true
2748973,4025087481791,STRIPLAC PEEL OR SOAK STARDUST 8ML 8 ML,Alessandro,UV/LED FARBSYSTEME,48-179,,,true
2748974,4025087481807,STRIPLAC PEEL OR SOAK NIGHT SKY 8ML 8 ML,Alessandro,UV/LED FARBSYSTEME,48-180,,,true
2748975,4025087483009,STRIPLAC PEEL OR SOAK TOP COAT 8 ML,Alessandro,UV/LED FARBSYSTEME,48-300,,,true
2748976,4025087483016,STRIPLAC PEEL OR SOAK TOP COAT MATT 8 ML,Alessandro,UV/LED FARBSYSTEME,48-301,,,true
2748977,4025087483023,STRIPLAC PEEL OR SOAK PRIME COAT 8 ml,Alessandro,UV/LED FARBSYSTEME,48-302,,,true
2748978,4025087483030,STRIPLAC PEEL OR SOAK PRIME COAT FEET 8 ml,Alessandro,UV/LED FARBSYSTEME,48-303,,,true
2748979,4025087484006,STRIPLAC PEEL OR SOAK STRIPLAC STARTER KIT 1 ST,Alessandro,UV/LED FARBSYSTEME,48-400,,,true
2748980,4025087484013,STRIPLAC PEEL OR SOAK PEEL OFF ACTIVATOR 8 ML,Alessandro,UV/LED FARBSYSTEME,48-401,,,true
2748981,4025087484020,STRIPLAC PEEL OR SOAK REINIGUNGSPADS 50 ST,Alessandro,UV/LED FARBSYSTEME,48-402,,,true
2748982,4025087484037,STRIPLAC PEEL OR SOAK KORREKTURSTIFT 1 ST,Alessandro,UV/LED FARBSYSTEME,48-403,,,true
2748983,4025087484051,STRIPLAC PEEL OR SOAK HUFSTÄBCHEN 1 ST,Alessandro,UV/LED FARBSYSTEME,48-405,,,true
2748984,4025087484068,STRIPLAC FRENCH STAMPER 1 ST,Alessandro,UV/LED FARBSYSTEME,48-406,,,true
2748985,4025087484112,STRIPLAC PEEL OR SOAK SOAK OFF REMOVER WRAPS 50 ST,Alessandro,UV/LED FARBSYSTEME,48-411,,,true
2748986,4025087484167,STRIPLAC PEEL OR SOAK SOAK OFF LIQUID 500ML 500 ML,Alessandro,UV/LED FARBSYSTEME,48-416,,,true
2748987,4025087484174,STRIPLAC PEEL OR SOAK SOAK OFF LIQUID 125ML 125 ML,Alessandro,UV/LED FARBSYSTEME,48-417,,,true
2748988,4025087484181,STRIPLAC PEEL OR SOAK POLIERFEILE 2ER SET 1 ST,Alessandro,UV/LED FARBSYSTEME,48-418,,,true
2748989,4025087784199,STRIPLAC PEEL OR SOAK CARE & GLOSS FINISH 1 ST,Alessandro,UV/LED FARBSYSTEME,48-419,1,,true
2748990,4025087484204,STRIPLAC PEEL OR SOAK SOAK OFF SET 1 ST,Alessandro,UV/LED FARBSYSTEME,48-420,,,true
2748991,4025087484846,STRIPLAC PEEL OR SOAK TIP WHITENER 8ML 8 ml,Alessandro,UV/LED FARBSYSTEME,48-484,,,true
2748992,4025087484860,STRIPLAC PEEL OR SOAK FRENCH ROSA 8ML 8 ml,Alessandro,UV/LED FARBSYSTEME,48-486,,,true
2748993,4025087485218,STRIPLAC PEEL OR SOAK STARTER KIT FRENCH 1 ST,Alessandro,UV/LED FARBSYSTEME,48-521,,,true
2748994,4025087485232,STRIPLAC PEEL OR SOAK STANDARD STARTER KIT 1 ST,Alessandro,UV/LED FARBSYSTEME,48-523,,,true
2748995,4025087485249,STRIPLAC PEEL OR SOAK DELUXE STARTER KIT 1 ST,Alessandro,UV/LED FARBSYSTEME,48-524,,,true
2748996,4025087487205,STRIPLAC PEEL OR SOAK BLACK PEARL LED LAMPE 1 ST,Alessandro,UV/LED FARBSYSTEME,48-720,,,true
2748997,4025087507750,ANTI-AGING POWER SET 1 ST,Alessandro,PFLEGE,50-775,,,true
2748998,4025087507927,ACRYLSCHÜTTE LEER 1 ST,Alessandro,MERCHANDISING,50-792,,,true
2748999,4025087507934,L-AUFSTELLER MIT EINSCHIEBER 1 ST,Alessandro,MERCHANDISING,50-793,,,true
2749000,4025087507941,BODENDISPLAY CHIARA 1 ST,Alessandro,MÖBEL,50-794,,,true
2749001,4025087507958,ALE THEKENAUFSTELLER 1 ST,Alessandro,MERCHANDISING,50-795,,,true
2749002,4025087508481,WANDDISPLAY GIULIA 1 ST,Alessandro,MÖBEL,50-848,,,true
2749003,4025087508740,STARTER SET ÄTHERISCHE ÖLE 1 ST,Alessandro,PFLEGE,50-874,,,true
2749004,4025087508764,TOPSELLER DISPLAY 1 ST,Alessandro,MÖBEL,50-876,,,true
2749005,4025087511504,UNIVERSALDISPLAY 1 ST,Alessandro,MERCHANDISING,51-150,,,true
2749006,4025087518053,RUTSCHE FÜR NAGELLACK KORREK inkl. 25 Stifte 1 ST,Alessandro,NAGELLACKE,51-805,,,true
2749007,4025087522715,ERSATZFILTER FÜR STAUBABSAUGUNGEN 1 ST,Alessandro,GERÄTE,05-2271,,,true
2749008,4025087556901,NACHFÜLLUNG HS FRENCH TIPS GR.10 50 ST,Alessandro,ZUBEHÖR,05-56910,,,true
2749009,4025087556918,NACHFÜLLUNG HS FRENCH TIPS GR.1 50 ST,Alessandro,ZUBEHÖR,05-5691,,,true
2749010,4025087556925,NACHFÜLLUNG HS FRENCH TIPS GR.2 50 ST,Alessandro,ZUBEHÖR,05-5692,,,true
2749011,4025087556932,NACHFÜLLUNG HS FRENCH TIPS GR.3 50 ST,Alessandro,ZUBEHÖR,05-5693,,,true
2749012,4025087556949,NACHFÜLLUNG HS FRENCH TIPS GR.4 50 ST,Alessandro,ZUBEHÖR,05-5694,,,true
2749013,4025087556956,NACHFÜLLUNG HS FRENCH TIPS GR.5 50 ST,Alessandro,ZUBEHÖR,05-5695,,,true
2749014,4025087556963,NACHFÜLLUNG HS FRENCH TIPS GR.6 50 ST,Alessandro,ZUBEHÖR,05-5696,,,true
2749015,4025087556970,NACHFÜLLUNG HS FRENCH TIPS GR.7 50 ST,Alessandro,ZUBEHÖR,05-5697,,,true
2749016,4025087556987,NACHFÜLLUNG HS FRENCH TIPS GR.8 50 ST,Alessandro,ZUBEHÖR,05-5698,,,true
2749017,4025087556994,NACHFÜLLUNG HS FRENCH TIPS GR.9 50 ST,Alessandro,ZUBEHÖR,05-5699,,,true
2749018,4025087590011,ALE NAGELLACK 101 WHITE HONEYMOON 5 ML,Alessandro,NAGELLACKE,59-101,-1,,true
2749019,4025087590028,ALE NAGELLACK 102 MOONLIGHT KISS 5 ML,Alessandro,NAGELLACKE,59-102,,,true
2749020,4025087590035,ALE NAGELLACK 103 MILKY DREAM 5 ML,Alessandro,NAGELLACKE,59-103,,,true
2749021,4025087590042,ALE NAGELLACK 104 HEAVENS NUDE 5 ML,Alessandro,NAGELLACKE,59-104,3,,true
2749022,4025087590073,ALE NAGELLACK 107 SHIMMER SHELL 5 ML,Alessandro,NAGELLACKE,59-107,2,,true
2749023,4025087590080,ALE NAGELLACK 108 NUDE ELEGANCE 5 ML,Alessandro,NAGELLACKE,59-108,4,,true
2749024,4025087590097,ALE NAGELLACK 109 SINFUL GLOW 5 ML,Alessandro,NAGELLACKE,59-109,-1,,true
2749025,4025087590127,ALE NAGELLACK 112 CLASSIC RED 5 ML,Alessandro,NAGELLACKE,59-112,5,,true
2749026,4025087590141,ALE NAGELLACK 114 ORANGE RED 5 ML,Alessandro,NAGELLACKE,59-114,,,true
2749027,4025087590165,ALE NAGELLACK 116 ROCKMELON CANDY 5 ML,Alessandro,NAGELLACKE,59-116,,,true
2749028,4025087590202,ALE NAGELLACK 120 TOFFEE NUT 5 ML,Alessandro,NAGELLACKE,59-120,,,true
2749029,4025087590240,ALE NAGELLACK 124 SHINY AUBERGINE 5 ML,Alessandro,NAGELLACKE,59-124,2,,true
2749030,4025087590257,ALE NAGELLACK 125 FIRE & FLAME 5 ML,Alessandro,NAGELLACKE,59-125,,,true
2749031,4025087590264,ALE NAGELLACK 126 VELVET RED 5 ML,Alessandro,NAGELLACKE,59-126,6,,true
2749032,4025087590288,ALE NAGELLACK 128 RED CARPET 5 ML,Alessandro,NAGELLACKE,59-128,2,,true
2749033,4025087590295,ALE NAGELLACK 129 BERRY RED 5 ML,Alessandro,NAGELLACKE,59-129,1,,true
2749034,4025087590301,ALE NAGELLACK 130 FIRST KISS RED 5 ML,Alessandro,NAGELLACKE,59-130,2,,true
2749035,4025087590318,ALE NAGELLACK 131 GIRLY FLUSH 5 ML,Alessandro,NAGELLACKE,59-131,,,true
2749036,4025087590325,ALE NAGELLACK 132 PINK EMOTION 5 ML,Alessandro,NAGELLACKE,59-132,4,,true
2749037,4025087590332,ALE NAGELLACK 133 HURLY BURLY 5 ML,Alessandro,NAGELLACKE,59-133,2,,true
2749038,4025087590349,ALE NAGELLACK 134 SILKY MAUVE 5 ML,Alessandro,NAGELLACKE,59-134,-1,,true
2749039,4025087590370,ALE NAGELLACK 137 BABY PINK 5 ML,Alessandro,NAGELLACKE,59-137,,,true
2749040,4025087590417,ALE NAGELLACK 141 SWEET BLACKBERRY 5 ML,Alessandro,NAGELLACKE,59-141,-1,,true
2749041,4025087590424,ALE NAGELLACK 142 NEON PINK 5 ML,Alessandro,NAGELLACKE,59-142,,,true
2749042,4025087590431,ALE NAGELLACK 143 BUBBLE GUM 5 ML,Alessandro,NAGELLACKE,59-143,3,,true
2749043,4025087590448,ALE NAGELLACK 144 PINK CADILLAC 5 ML,Alessandro,NAGELLACKE,59-144,2,,true
2749044,4025087590455,ALE NAGELLACK 145 DARK VIOLET 5 ML,Alessandro,NAGELLACKE,59-145,,,true
2749045,4025087590509,ALE NAGELLACK 150 VIBRANT FUCHSIA 5 ML,Alessandro,NAGELLACKE,59-150,1,,true
2749046,4025087590516,ALE NAGELLACK 151 PURPLE SECRET 5 ML,Alessandro,NAGELLACKE,59-151,2,,true
2749047,4025087590530,ALE NAGELLACK 153 ELEGANT RUBIN 5 ML,Alessandro,NAGELLACKE,59-153,-1,,true
2749048,4025087590554,ALE NAGELLACK 155 DARK RUBIN 5 ML,Alessandro,NAGELLACKE,59-155,,,true
2749049,4025087590561,ALE NAGELLACK 156 LUCKY LAVENDER 5 ML,Alessandro,NAGELLACKE,59-156,,,true
2749050,4025087590585,ALE NAGELLACK 158 BLACKBERRY 5 ML,Alessandro,NAGELLACKE,59-158,,,true
2749051,4025087590608,ALE NAGELLACK 160 BLUE LAGOON 5 ML,Alessandro,NAGELLACKE,59-160,,,true
2749052,4025087590615,ALE NAGELLACK 161 CRAZY LAZY 5 ML,Alessandro,NAGELLACKE,59-161,,,true
2749053,4025087590639,ALE NAGELLACK 163 PEPPERMINT PATTY 5 ML,Alessandro,NAGELLACKE,59-163,,,true
2749054,4025087590677,ALE NAGELLACK 167 DUSTY PURPLE 5 ML,Alessandro,NAGELLACKE,59-167,,,true
2749055,4025087590691,ALE NAGELLACK 169 NUDE PARISIENNE 5 ML,Alessandro,NAGELLACKE,59-169,2,,true
2749056,4025087590707,ALE NAGELLACK 170 HOT STONE 5 ML,Alessandro,NAGELLACKE,59-170,7,,true
2749057,4025087590714,ALE NAGELLACK 171 BROWN METALLIC 5 ML,Alessandro,NAGELLACKE,59-171,,,true
2749058,4025087590738,ALE NAGELLACK 173 GLITTER QUEEN 5 ML,Alessandro,NAGELLACKE,59-173,,,true
2749059,4025087590745,ALE NAGELLACK 174 SILVER 5 ML,Alessandro,NAGELLACKE,59-174,,,true
2749060,4025087590769,ALE NAGELLACK 176 NEW YORK GREY 5 ML,Alessandro,NAGELLACKE,59-176,2,,true
2749061,4025087590776,ALE NAGELLACK 177 MIDNIGHT BLACK 5 ML,Alessandro,NAGELLACKE,59-177,,,true
2749062,4025087590783,ALE NAGELLACK 178 LUMINOUS 5 ML,Alessandro,NAGELLACKE,59-178,,,true
2749063,4025087590790,ALE NAGELLACK 179 LITTLE PRINCESS 5 ML,Alessandro,NAGELLACKE,59-179,,,true
2749064,4025087590813,ALE NAGELLACK 181 PEACHY CINDERELLA 5 ML,Alessandro,NAGELLACKE,59-181,,,true
2749065,4025087590820,ALE NAGELLACK 182 POMEGRANATE 5 ML,Alessandro,NAGELLACKE,59-182,,,true
2749066,4025087590837,ALE NAGELLACK 183 BLACK CHERRY 5 ML,Alessandro,NAGELLACKE,59-183,3,,true
2749067,4025087590844,ALE NAGELLACK 184 CHERRY CHERRY LADY 5 ML,Alessandro,NAGELLACKE,59-184,1,,true
2749068,4025087590868,ALE NAGELLACK 186 DOLLY'S PINK 5 ML,Alessandro,NAGELLACKE,59-186,,,true
2749069,4025087590875,ALE NAGELLACK 187 HAWAIIAN DREAM 5 ML,Alessandro,NAGELLACKE,59-187,,,true
2749070,4025087590882,ALE NAGELLACK 188 MERRY POPPINS 5 ML,Alessandro,NAGELLACKE,59-188,,,true
2749071,4025087590905,ALE NAGELLACK 190 PURPLE PURPOSE 5 ML,Alessandro,NAGELLACKE,59-190,,,true
2749072,4025087590936,ALE NAGELLACK193 DEEP OCEAN BLUE 5 ML,Alessandro,NAGELLACKE,59-193,,,true
2749073,4025087590943,ALE NAGELLACK 194 WILD SAFARI 5 ML,Alessandro,NAGELLACKE,59-194,,,true
2749074,4025087590974,ALE NAGELLACK 197 VELVET TAUPE 5 ML,Alessandro,NAGELLACKE,59-197,4,,true
2749075,4025087590998,ALE NAGELLACK 199 GOLDEN RAIN 5 ML,Alessandro,NAGELLACKE,59-199,1,,true
2749076,4025087591278,ALE NAGELLACK 127 SECRET RED 5 ML,Alessandro,NAGELLACKE,59-127,6,,true
2749077,4025087591384,ALE NAGELLACK 138 HAPPY PINK 5 ML,Alessandro,NAGELLACKE,59-138,-1,,true
2749078,4025087591544,ALE NAGELLACK 154 MIDNIGHT RED 5 ML,Alessandro,NAGELLACKE,59-154,2,,true
2749079,4025087591896,ALE NAGELLACK 189 PINK MELON 5 ML,Alessandro,NAGELLACKE,59-189,,,true
2749080,4025087591988,ALE NAGELLACK 198 CASHMERE TOUCH 5 ML,Alessandro,NAGELLACKE,59-198,4,,true
2749081,4025087599014,ALE NAGELLACK 901 LATTE MACCHIATO 5 ML,Alessandro,NAGELLACKE,59-901,,,true
2749082,4025087599021,ALE NAGELLACK 902 MOUSSE AU CHOCOLAT 5 ML,Alessandro,NAGELLACKE,59-902,,,true
2749083,4025087599038,ALE NAGELLACK 903 MOCCA 5 ML,Alessandro,NAGELLACKE,59-903,,,true
2749084,4025087599045,ALE NAGELLACK 904 RED PARADISE 5 ML,Alessandro,NAGELLACKE,59-904,2,,true
2749085,4025087599052,ALE NAGELLACK 905 ROUGE NOIR 5 ML,Alessandro,NAGELLACKE,59-905,1,,true
2749086,4025087599069,ALE NAGELLACK 906 RED ILLUSION 5 ML,Alessandro,NAGELLACKE,59-906,4,,true
2749087,4025087599076,ALE NAGELLACK 907 RUBY RED 5 ML,Alessandro,NAGELLACKE,59-907,1,,true
2749088,4025087599083,ALE NAGELLACK 908 PINK DIVA 5 ML,Alessandro,NAGELLACKE,59-908,,,true
2749089,4025087599090,ALE NAGELLACK 909 JUAN´S KISS 5 ML,Alessandro,NAGELLACKE,59-909,,,true
2749090,4025087599106,ALE NAGELLACK 910 ROSY WIND 5 ML,Alessandro,NAGELLACKE,59-910,4,,true
2749091,4025087599113,ALE NAGELLACK 911 SATIN ROSA 5 ML,Alessandro,NAGELLACKE,59-911,4,,true
2749092,4025087599120,ALE NAGELLACK 912 URBAN DENIM 5 ML,Alessandro,NAGELLACKE,59-912,,,true
2749093,4025087599137,ALE NAGELLACK 913 ALL NIGHT LONG 5 ML,Alessandro,NAGELLACKE,59-913,,,true
2749094,4025087599144,ALE NAGELLACK 914 MINTASTIC 5 ML,Alessandro,NAGELLACKE,59-914,,,true
2749095,4025087599151,ALE NAGELLACK 915 JUST JOY 5 ML,Alessandro,NAGELLACKE,59-915,,,true
2749096,4025087599168,ALE NAGELLACK 916 OCEAN BLUE 5 ML,Alessandro,NAGELLACKE,59-916,,,true
2749097,4025087599175,ALE NAGELLACK 917 BABY BLUE 5 ML,Alessandro,NAGELLACKE,59-917,,,true
2749098,4025087599182,ALE NAGELLACK 918 BALTIC BLUE 5 ML,Alessandro,NAGELLACKE,59-918,2,,true
2749099,4025087599199,ALE NAGELLACK 919 GOT THE BLUES 5 ML,Alessandro,NAGELLACKE,59-919,,,true
2749100,4025087599205,ALE NAGELLACK 920 GREENWOOD 5 ML,Alessandro,NAGELLACKE,59-920,,,true
2749101,4025087599212,ALE NAGELLACK 921 HOLY GUACAMOLE 5 ML,Alessandro,NAGELLACKE,59-921,,,true
2749102,4025087599229,ALE NAGELLACK 922 MR. BAMBOO 5 ML,Alessandro,NAGELLACKE,59-922,,,true
2749103,4025087599236,ALE NAGELLACK 923 LIMONCELLO 5 ML,Alessandro,NAGELLACKE,59-923,,,true
2749104,4025087599243,ALE NAGELLACK 924 MELLOW PEACH 5 ML,Alessandro,NAGELLACKE,59-924,,,true
2749105,4025087599250,ALE NAGELLACK 925 PAPA PAPAYA 5 ML,Alessandro,NAGELLACKE,59-925,,,true
2749106,4025087599267,ALE NAGELLACK 926 PEACH IT UP 5 ML,Alessandro,NAGELLACKE,59-926,,,true
2749107,4025087599274,ALE NAGELLACK 927 CRAZY CORAL 5 ML,Alessandro,NAGELLACKE,59-927,,,true
2749108,4025087599281,ALE NAGELLACK 928 MY LAURY 5 ML,Alessandro,NAGELLACKE,59-928,2,,true
2749109,4025087599298,ALE NAGELLACK 929 PRETTY BALLERINA 5 ML,Alessandro,NAGELLACKE,59-929,,,true
2749110,4025087599304,ALE NAGELLACK 930 MY FIRST LOVE 5 ML,Alessandro,NAGELLACKE,59-930,4,,true
2749111,4025087599311,ALE NAGELLACK 931 PETITE NANA 5 ML,Alessandro,NAGELLACKE,59-931,5,,true
2749112,4025087599328,ALE NAGELLACK 932 VIOLET SKY 5 ML,Alessandro,NAGELLACKE,59-932,,,true
2749113,4025087599335,ALE NAGELLACK 933 MEET ME IN PARIS 5 ML,Alessandro,NAGELLACKE,59-933,2,,true
2749114,4025087599342,ALE NAGELLACK 934 P.S. I LOVE YOU 5 ML,Alessandro,NAGELLACKE,59-934,5,,true
2749115,4025087599359,ALE NAGELLACK 935 SEXY JILL 5 ML,Alessandro,NAGELLACKE,59-935,,,true
2749116,4025087599366,ALE NAGELLACK 936 BERRY WINE 5 ML,Alessandro,NAGELLACKE,59-936,1,,true
2749117,4025087761015,ALE NAGELLACK 101 WHITE HONEYMOON TESTER 10 ML,Alessandro,NAGELLACKE,76-101,,,true
2749118,4025087761022,ALE NAGELLACK 102 MOONLIGHT KISS TESTER 10 ML,Alessandro,NAGELLACKE,76-102,,,true
2749119,4025087761039,ALE NAGELLACK 103 MILKY DREAM TESTER 10 ML,Alessandro,NAGELLACKE,76-103,,,true
2749120,4025087761046,ALE NAGELLACK 104 HEAVENS NUDE TESTER 10 ML,Alessandro,NAGELLACKE,76-104,,,true
2749121,4025087761077,ALE NAGELLACK 107 SHIMMER SHELL TESTER 10 ML,Alessandro,NAGELLACKE,76-107,,,true
2749122,4025087761084,ALE NAGELLACK 108 NUDE ELEGANCE TESTER 10 ML,Alessandro,NAGELLACKE,76-108,,,true
2749123,4025087761091,ALE NAGELLACK 109 SINFUL GLOW TESTER 10 ML,Alessandro,NAGELLACKE,76-109,,,true
2749124,4025087761121,ALE NAGELLACK 112 CLASSIC RED TESTER 10 ML,Alessandro,NAGELLACKE,76-112,,,true
2749125,4025087761145,ALE NAGELLACK 114 ORANGE RED TESTER 10 ML,Alessandro,NAGELLACKE,76-114,,,true
2749126,4025087761169,ALE NAGELLACK 116 ROCKMELON CANDY TESTER 10 ML,Alessandro,NAGELLACKE,76-116,,,true
2749127,4025087761206,ALE NAGELLACK 120 TOFFEE NUT TESTER 10 ML,Alessandro,NAGELLACKE,76-120,,,true
2749128,4025087761244,ALE NAGELLACK 124 SHINY AUBERGINE TEST 10 ML,Alessandro,NAGELLACKE,76-124,,,true
2749129,4025087761251,ALE NAGELLACK 125 FIRE & FLAME TESTER 10 ML,Alessandro,NAGELLACKE,76-125,,,true
2749130,4025087761268,ALE NAGELLACK 126 VELVET RED TESTER 10 ML,Alessandro,NAGELLACKE,76-126,,,true
2749131,4025087761275,ALE NAGELLACK 127 SECRET RED TESTER 10 ML,Alessandro,NAGELLACKE,76-127,,,true
2749132,4025087761282,ALE NAGELLACK 128 RED CARPET TESTER 10 ML,Alessandro,NAGELLACKE,76-128,,,true
2749133,4025087761299,ALE NAGELLACK 129 BERRY RED TESTER 10 ML,Alessandro,NAGELLACKE,76-129,,,true
2749134,4025087761305,ALE NAGELLACK 130 FIRST KISS RED TESTER 10 ML,Alessandro,NAGELLACKE,76-130,,,true
2749135,4025087761312,ALE NAGELLACK 131 GIRLY FLUSH TESTER 10 ML,Alessandro,NAGELLACKE,76-131,,,true
2749136,4025087761329,ALE NAGELLACK 132 PINK EMOTION TESTER 10 ML,Alessandro,NAGELLACKE,76-132,,,true
2749137,4025087761336,ALE NAGELLACK 133 HURLY BURLY TESTER 10 ML,Alessandro,NAGELLACKE,76-133,,,true
2749138,4025087761343,ALE NAGELLACK 134 SILKY MAUVE TESTER 10 ML,Alessandro,NAGELLACKE,76-134,,,true
2749139,4025087761374,ALE NAGELLACK 137 BABY PINK TESTER 10 ML,Alessandro,NAGELLACKE,76-137,,,true
2749140,4025087761381,ALE NAGELLACK 138 HAPPY PINK TESTER 10 ML,Alessandro,NAGELLACKE,76-138,,,true
2749141,4025087761411,ALE NAGELLACK 141 SWEET BLACKBERRY TEST 10 ML,Alessandro,NAGELLACKE,76-141,,,true
2749142,4025087761428,ALE NAGELLACK 142 NEON PINK TESTER 10 ML,Alessandro,NAGELLACKE,76-142,,,true
2749143,4025087761435,ALE NAGELLACK 143 BUBBLE GUM TESTER 10 ML,Alessandro,NAGELLACKE,76-143,,,true
2749144,4025087761442,ALE NAGELLACK 144 PINK CADILLAC TESTER 10 ML,Alessandro,NAGELLACKE,76-144,,,true
2749145,4025087761459,ALE NAGELLACK 145 DARK VIOLET TESTER 10 ML,Alessandro,NAGELLACKE,76-145,,,true
2749146,4025087761503,ALE NAGELLACK 150 VIBRANT FUCHSIA TEST 10 ML,Alessandro,NAGELLACKE,76-150,,,true
2749147,4025087761510,ALE NAGELLACK 151 PURPLE SECRET TESTER 10 ML,Alessandro,NAGELLACKE,76-151,,,true
2749148,4025087761534,ALE NAGELLACK 153 ELEGANT RUBIN TESTER 10 ML,Alessandro,NAGELLACKE,76-153,,,true
2749149,4025087761541,ALE NAGELLACK 154 MIDNIGHT RED TESTER 10 ML,Alessandro,NAGELLACKE,76-154,,,true
2749150,4025087761558,ALE NAGELLACK 155 DARK RUBIN TESTER 10 ML,Alessandro,NAGELLACKE,76-155,,,true
2749151,4025087761565,ALE NAGELLACK 156 LUCKY LAVENDER TESTER 10 ML,Alessandro,NAGELLACKE,76-156,,,true
2749152,4025087761589,ALE NAGELLACK 158 BLACKBERRY TESTER 10 ML,Alessandro,NAGELLACKE,76-158,,,true
2749153,4025087761602,ALE NAGELLACK 160 BLUE LAGOON TESTER 10 ML,Alessandro,NAGELLACKE,76-160,,,true
2749154,4025087761619,ALE NAGELLACK 161 CRAZY LAZY TESTER 10 ML,Alessandro,NAGELLACKE,76-161,,,true
2749155,4025087761633,ALE NAGELLACK 163 PEPPERMINT PATTY TEST 10 ML,Alessandro,NAGELLACKE,76-163,,,true
2749156,4025087761671,ALE NAGELLACK 167 DUSTY PURPLE TESTER 10 ML,Alessandro,NAGELLACKE,76-167,,,true
2749157,4025087761695,ALE NAGELLACK 169 NUDE PARISIENNE TEST 10 ML,Alessandro,NAGELLACKE,76-169,,,true
2749158,4025087761701,ALE NAGELLACK 170 HOT STONE TESTER 10 ML,Alessandro,NAGELLACKE,76-170,,,true
2749159,4025087761718,ALE NAGELLACK 171 BROWN METALLIC TESTER 10 ML,Alessandro,NAGELLACKE,76-171,,,true
2749160,4025087761732,ALE NAGELLACK 173 GLITTER QUEEN TESTER 10 ML,Alessandro,NAGELLACKE,76-173,,,true
2749161,4025087761749,ALE NAGELLACK 174 SILVER TESTER 10 ML,Alessandro,NAGELLACKE,76-174,,,true
2749162,4025087761763,ALE NAGELLACK 176 NEW YORK GREY TESTER 10 ML,Alessandro,NAGELLACKE,76-176,,,true
2749163,4025087761770,ALE NAGELLACK 177 MIDNIGHT BLACK TESTER 10 ML,Alessandro,NAGELLACKE,76-177,,,true
2749164,4025087761787,ALE NAGELLACK 178 LUMINOUS TESTER 10 ML,Alessandro,NAGELLACKE,76-178,,,true
2749165,4025087761794,ALE NAGELLACK 179 LITTLE PRINCESS TEST 10 ML,Alessandro,NAGELLACKE,76-179,,,true
2749166,4025087761817,ALE NAGELLACK 181 PEACHY CINDER. TESTER 10 ML,Alessandro,NAGELLACKE,76-181,,,true
2749167,4025087761824,ALE NAGELLACK 182 POMEGRANATE TESTER 10 ML,Alessandro,NAGELLACKE,76-182,,,true
2749168,4025087761831,ALE NAGELLACK 183 BLACK CHERRY TESTER 10 ML,Alessandro,NAGELLACKE,76-183,,,true
2749169,4025087761848,ALE NAGELLACK 184 CHERRY CHERRY L. TEST 10 ML,Alessandro,NAGELLACKE,76-184,,,true
2749170,4025087761862,ALE NAGELLACK 186 DOLLY'S PINK TESTER 10 ML,Alessandro,NAGELLACKE,76-186,,,true
2749171,4025087761879,ALE NAGELLACK 187 HAWAIIAN DREAM TESTER 10 ML,Alessandro,NAGELLACKE,76-187,,,true
2749172,4025087761886,ALE NAGELLACK 188 MERRY POPPINS TESTER 10 ML,Alessandro,NAGELLACKE,76-188,,,true
2749173,4025087761893,ALE NAGELLACK 189 PINK MELON TESTER 10 ML,Alessandro,NAGELLACKE,76-189,,,true
2749174,4025087761909,ALE NAGELLACK 190 PURPLE PURPOSE TESTER 10 ML,Alessandro,NAGELLACKE,76-190,,,true
2749175,4025087761930,ALE NAGELLACK 193 DEEP OCEAN BLUE TEST 10 ML,Alessandro,NAGELLACKE,76-193,,,true
2749176,4025087761947,ALE NAGELLACK 194 WILD SAFARI TESTER 10 ML,Alessandro,NAGELLACKE,76-194,,,true
2749177,4025087761978,ALE NAGELLACK 197 VELVET TAUPE TESTER 10 ML,Alessandro,NAGELLACKE,76-197,,,true
2749178,4025087761985,ALE NAGELLACK 198 CASHMERE TOUCH TESTER 10 ML,Alessandro,NAGELLACKE,76-198,,,true
2749179,4025087761992,ALE NAGELLACK 199 GOLDEN RAIN TESTER 10 ML,Alessandro,NAGELLACKE,76-199,,,true
2749180,4025087762111,GELACTIC GEL TOP COAT 10 ML,Alessandro,NAGELLACKE,76-211,12,1,true
2749181,4025087762128,GELACTIC NAGELLACK SCHNELLTROCKNER 50 ML,Alessandro,NAGELLACKE,76-212,,,true
2749182,4025087762142,GELACTIC GEL TOP COAT MATT 10 ML,Alessandro,NAGELLACKE,76-214,1,,true
2749183,4025087762166,GELACTIC GEL TOP COAT 5 ML,Alessandro,NAGELLACKE,76-216,5,1,true
2749184,4025087762210,GELACTIC NAIL SET 1 SET,Alessandro,NAGELLACKE,76-221,,,true
2749185,4025087763033,GELACTIC AND COLOUR DISPLAY LEER 1 ST,Alessandro,NAGELLACKE,76-303,,,true
2749186,4025087763118,GELACTIC GEL TOP COAT TESTER 10 ML,Alessandro,NAGELLACKE,76-311,,,true
2749187,4025087763125,GELACTIC SCHNELLTROCKNER TESTER 50 ML,Alessandro,NAGELLACKE,76-312,,,true
2749188,4025087763149,GELACTIC GEL TOP COAT MATT TESTER 10 ML,Alessandro,NAGELLACKE,76-314,,,true
2749189,4025087763163,GELACTIC GEL TOP COAT TESTER 5 ML,Alessandro,NAGELLACKE,76-316,,,true
2749190,4025087769011,ALE NAGELLACK 901 LATTE MACCHIATO TESTER 10 ML,Alessandro,NAGELLACKE,76-901,,,true
2749191,4025087769028,ALE NAGELLACK 902 MOUSSE AU CHOC. TESTER 10 ML,Alessandro,NAGELLACKE,76-902,,,true
2749192,4025087769035,ALE NAGELLACK 903 MOCCA TESTER 10 ML,Alessandro,NAGELLACKE,76-903,,,true
2749193,4025087769042,ALE NAGELLACK 904 RED PARADIESE TESTER 10 ML,Alessandro,NAGELLACKE,76-904,,,true
2749194,4025087769059,ALE NAGELLACK 905 ROUGE NOIR TESTER 10 ML,Alessandro,NAGELLACKE,76-905,,,true
2749195,4025087769066,ALE NAGELLACK 906 RED ILLUSION TESTER 10 ML,Alessandro,NAGELLACKE,76-906,,,true
2749196,4025087769073,ALE NAGELLACK 907 RUBY RED TESTER 10 ML,Alessandro,NAGELLACKE,76-907,,,true
2749197,4025087769080,ALE NAGELLACK 908 PINK DIVA TESTER 10 ML,Alessandro,NAGELLACKE,76-908,,,true
2749198,4025087769097,ALE NAGELLACK 909 JUAN´S KISS TESTER 10 ML,Alessandro,NAGELLACKE,76-909,,,true
2749199,4025087769103,ALE NAGELLACK 910 ROSY WIND TESTER 10 ML,Alessandro,NAGELLACKE,76-910,,,true
2749200,4025087769110,ALE NAGELLACK 911 SATIN ROSA TESTER 10 ML,Alessandro,NAGELLACKE,76-911,,,true
2749201,4025087769127,ALE NAGELLACK 912 URBAN DENIM TESTER 10 ML,Alessandro,NAGELLACKE,76-912,,,true
2749202,4025087769134,ALE NAGELLACK 913 ALL NIGHT LONG TESTER 10 ML,Alessandro,NAGELLACKE,76-913,,,true
2749203,4025087769141,ALE NAGELLACK 914 MINTASTIC TESTER 10 ML,Alessandro,NAGELLACKE,76-914,,,true
2749204,4025087769158,ALE NAGELLACK 915 JUST JOY TESTER 10 ML,Alessandro,NAGELLACKE,76-915,,,true
2749205,4025087769165,ALE NAGELLACK 916 OCEAN BLUE TESTER 10 ML,Alessandro,NAGELLACKE,76-916,,,true
2749206,4025087769172,ALE NAGELLACK 917 BABY BLUE TESTER 10 ML,Alessandro,NAGELLACKE,76-917,,,true
2749207,4025087769189,ALE NAGELLACK 918 BALTIC BLUE TESTER 10 ML,Alessandro,NAGELLACKE,76-918,,,true
2749208,4025087769196,ALE NAGELLACK 919 GOT THE BLUES TESTER 10 ML,Alessandro,NAGELLACKE,76-919,,,true
2749209,4025087769202,ALE NAGELLACK 920 GREENWOOD TESTER 10 ML,Alessandro,NAGELLACKE,76-920,,,true
2749210,4025087769219,ALE NAGELLACK 921 HOLY GUANAMOLE TESTER 10 ML,Alessandro,NAGELLACKE,76-921,,,true
2749211,4025087769226,ALE NAGELLACK 922 MR. BAMBOO TESTER 10 ML,Alessandro,NAGELLACKE,76-922,,,true
2749212,4025087769233,ALE NAGELLACK 923 LIMONCELLO TESTER 10 ML,Alessandro,NAGELLACKE,76-923,,,true
2749213,4025087769240,ALE NAGELLACK 924 MELLOW PEACH TESTER 10 ML,Alessandro,NAGELLACKE,76-924,,,true
2749214,4025087769257,ALE NAGELLACK 925 PAPA PAPAYA TESTER 10 ML,Alessandro,NAGELLACKE,76-925,,,true
2749215,4025087769264,ALE NAGELLACK 926 PEACH IT UP TESTER 10 ML,Alessandro,NAGELLACKE,76-926,,,true
2749216,4025087769271,ALE NAGELLACK 927 CRAZY CORAL TESTER 10 ML,Alessandro,NAGELLACKE,76-927,,,true
2749217,4025087769288,ALE NAGELLACK 928 MY LAURY TESTER 10 ML,Alessandro,NAGELLACKE,76-928,,,true
2749218,4025087769295,ALE NAGELLACK 929 PRETTY BALLERINA TEST 10 ML,Alessandro,NAGELLACKE,76-929,,,true
2749219,4025087769301,ALE NAGELLACK 930 MY FIRST LOVE TESTER 10 ML,Alessandro,NAGELLACKE,76-930,,,true
2749220,4025087769318,ALE NAGELLACK 931 PETITE NANA TESTER 10 ML,Alessandro,NAGELLACKE,76-931,,,true
2749221,4025087769325,ALE NAGELLACK 932 VIOLET SKY TESTER 10 ML,Alessandro,NAGELLACKE,76-932,,,true
2749222,4025087769332,ALE NAGELLACK 933 MEET ME IN PARIS TEST 10 ML,Alessandro,NAGELLACKE,76-933,,,true
2749223,4025087769349,ALE NAGELLACK 934 P. S. I LOVE YOU TEST 10 ML,Alessandro,NAGELLACKE,76-934,,,true
2749224,4025087769356,ALE NAGELLACK 935 SEXY JILL TESTER 10 ML,Alessandro,NAGELLACKE,76-935,,,true
2749225,4025087769363,ALE NAGELLACK 936 BERRY WINE TESTER 10 ML,Alessandro,NAGELLACKE,76-936,,,true
2749226,4025087771014,NAGELLACK 101 WHITE HONEYMOON 10 ML,Alessandro,NAGELLACKE,77-101,,,true
2749227,4025087771021,NAGELLACK 102 MOONLIGHT KISS 10 ML,Alessandro,NAGELLACKE,77-102,,,true
2749228,4025087771038,NAGELLACK 103 MILKY DREAM 10 ML,Alessandro,NAGELLACKE,77-103,,,true
2749229,4025087771045,NAGELLACK 104 HEAVENS NUDE 10 ML,Alessandro,NAGELLACKE,77-104,,,true
2749230,4025087771076,NAGELLACK 107 SHIMMER SHELL 10 ML,Alessandro,NAGELLACKE,77-107,,,true
2749231,4025087771083,NAGELLACK 108 NUDE ELEGANCE 10 ML,Alessandro,NAGELLACKE,77-108,,,true
2749232,4025087771090,NAGELLACK 109 SINFUL GLOW 10 ML,Alessandro,NAGELLACKE,77-109,,,true
2749233,4025087771120,NAGELLACK 112 CLASSIC RED 10 ML,Alessandro,NAGELLACKE,77-112,-1,,true
2749234,4025087771144,NAGELLACK 114 ORANGE RED 10 ML,Alessandro,NAGELLACKE,77-114,,,true
2749235,4025087771168,NAGELLACK 116 ROCKMELON CANDY 10 ML,Alessandro,NAGELLACKE,77-116,,,true
2749236,4025087771205,NAGELLACK 120 TOFFEE NUT 10 ML,Alessandro,NAGELLACKE,77-120,,,true
2749237,4025087771243,NAGELLACK 124 SHINY AUBERGINE 10 ML,Alessandro,NAGELLACKE,77-124,,,true
2749238,4025087771250,NAGELLACK 125 FIRE & FLAME 10 ML,Alessandro,NAGELLACKE,77-125,,,true
2749239,4025087771267,NAGELLACK 126 VELVET RED 10 ML,Alessandro,NAGELLACKE,77-126,,,true
2749240,4025087771274,NAGELLACK 127 SECRET RED 10 ML,Alessandro,NAGELLACKE,77-127,,,true
2749241,4025087771281,NAGELLACK 128 RED CARPET 10 ML,Alessandro,NAGELLACKE,77-128,,,true
2749242,4025087771298,NAGELLACK 129 BERRY RED 10 ML,Alessandro,NAGELLACKE,77-129,,,true
2749243,4025087771304,NAGELLACK 130 FIRST KISS RED 10 ML,Alessandro,NAGELLACKE,77-130,,,true
2749244,4025087771311,NAGELLACK 131 GIRLY FLUSH 10 ML,Alessandro,NAGELLACKE,77-131,,,true
2749245,4025087771328,NAGELLACK 132 PINK EMOTION 10 ML,Alessandro,NAGELLACKE,77-132,,,true
2749246,4025087771335,NAGELLACK 133 HURLY BURLY 10 ML,Alessandro,NAGELLACKE,77-133,-1,,true
2749247,4025087771342,NAGELLACK 134 SILKY MAUVE 10 ML,Alessandro,NAGELLACKE,77-134,,,true
2749248,4025087771373,NAGELLACK 137 BABY PINK 10 ML,Alessandro,NAGELLACKE,77-137,,,true
2749249,4025087771380,NAGELLACK 138 HAPPY PINK 10 ML,Alessandro,NAGELLACKE,77-138,,,true
2749250,4025087771410,NAGELLACK 141 SWEET BLACKBERRY 10 ML,Alessandro,NAGELLACKE,77-141,,,true
2749251,4025087771427,NAGELLACK 142 NEON PINK 10 ML,Alessandro,NAGELLACKE,77-142,,,true
2749252,4025087771434,NAGELLACK 143 BUBBLE GUM 10 ML,Alessandro,NAGELLACKE,77-143,,,true
2749253,4025087771441,NAGELLACK 144 PINK CADILLAC 10 ML,Alessandro,NAGELLACKE,77-144,,,true
2749254,4025087771458,NAGELLACK 145 DARK VIOLET 10 ML,Alessandro,NAGELLACKE,77-145,,,true
2749255,4025087771502,NAGELLACK 150 VIBRANT FUCHSIA 10 ML,Alessandro,NAGELLACKE,77-150,,,true
2749256,4025087771519,NAGELLACK 151 PURPLE SECRET 10 ML,Alessandro,NAGELLACKE,77-151,,,true
2749257,4025087771533,NAGELLACK 153 ELEGANT RUBIN 10 ML,Alessandro,NAGELLACKE,77-153,,,true
2749258,4025087771540,NAGELLACK 154 MIDNIGHT RED 10 ML,Alessandro,NAGELLACKE,77-154,,,true
2749259,4025087771557,NAGELLACK 155 DARK RUBIN 10 ML,Alessandro,NAGELLACKE,77-155,,,true
2749260,4025087771564,NAGELLACK 156 LUCKY LAVENDER 10 ML,Alessandro,NAGELLACKE,77-156,,,true
2749261,4025087771588,NAGELLACK 158 BLACKBERRY 10 ML,Alessandro,NAGELLACKE,77-158,,,true
2749262,4025087771601,NAGELLACK 160 BLUE LAGOON 10 ML,Alessandro,NAGELLACKE,77-160,,,true
2749263,4025087771618,NAGELLACK 161 CRAZY LAZY 10 ML,Alessandro,NAGELLACKE,77-161,,,true
2749264,4025087771632,NAGELLACK 163 PEPPERMINT PATTY 10 ML,Alessandro,NAGELLACKE,77-163,,,true
2749265,4025087771670,NAGELLACK 167 DUSTY PURPLE 10 ML,Alessandro,NAGELLACKE,77-167,,,true
2749266,4025087771694,NAGELLACK 169 NUDE PARISIENNE 10 ML,Alessandro,NAGELLACKE,77-169,,,true
2749267,4025087771700,NAGELLACK 170 HOT STONE 10 ML,Alessandro,NAGELLACKE,77-170,,,true
2749268,4025087771717,NAGELLACK 171 BROWN METALLIC 10 ML,Alessandro,NAGELLACKE,77-171,,,true
2749269,4025087771731,NAGELLACK 173 GLITTER QUEEN 10 ML,Alessandro,NAGELLACKE,77-173,,,true
2749270,4025087771748,NAGELLACK 174 SILVER 10 ML,Alessandro,NAGELLACKE,77-174,,,true
2749271,4025087771762,NAGELLACK 176 NEW YORK GREY 10 ML,Alessandro,NAGELLACKE,77-176,,,true
2749272,4025087771779,NAGELLACK 177 MIDNIGHT BLACK 10 ML,Alessandro,NAGELLACKE,77-177,,,true
2749273,4025087771786,NAGELLACK 178 LUMINOUS 10 ML,Alessandro,NAGELLACKE,77-178,,,true
2749274,4025087771793,NAGELLACK 179 LITTLE PRINCESS 10 ML,Alessandro,NAGELLACKE,77-179,,,true
2749275,4025087771816,NAGELLACK 181 PEACHY CINDERELLA 10 ML,Alessandro,NAGELLACKE,77-181,,,true
2749276,4025087771823,NAGELLACK 182 POMEGRANATE 10 ML,Alessandro,NAGELLACKE,77-182,,,true
2749277,4025087771830,NAGELLACK 183 BLACK CHERRY 10 ML,Alessandro,NAGELLACKE,77-183,,,true
2749278,4025087771847,NAGELLACK 184 CHERRY CHERRY LADY 10 ML,Alessandro,NAGELLACKE,77-184,,,true
2749279,4025087771861,NAGELLACK 186 DOLLY'S PINK 10 ML,Alessandro,NAGELLACKE,77-186,,,true
2749280,4025087771878,NAGELLACK 187 HAWAIIAN DREAM 10 ML,Alessandro,NAGELLACKE,77-187,,,true
2749281,4025087771885,NAGELLACK 188 MERRY POPPINS 10 ML,Alessandro,NAGELLACKE,77-188,,,true
2749282,4025087771892,NAGELLACK 189 PINK MELON 10 ML,Alessandro,NAGELLACKE,77-189,,,true
2749283,4025087771908,NAGELLACK 190 PURPLE PURPOSE 10 ML,Alessandro,NAGELLACKE,77-190,,,true
2749284,4025087771939,NAGELLACK 193 DEEP OCEAN BLUE 10 ML,Alessandro,NAGELLACKE,77-193,,,true
2749285,4025087771946,NAGELLACK 194 WILD SAFARI 10 ML,Alessandro,NAGELLACKE,77-194,,,true
2749286,4025087771977,NAGELLACK 197 VELVET TAUPE 10 ML,Alessandro,NAGELLACKE,77-197,,,true
2749287,4025087771984,NAGELLACK 198 CASHMERE TOUCH 10 ML,Alessandro,NAGELLACKE,77-198,,,true
2749288,4025087771991,NAGELLACK 199 GOLDEN RAIN 10 ML,Alessandro,NAGELLACKE,77-199,,,true
2749289,4025087779010,NAGELLACK 901 LATTE MACCHIATO 10 ML,Alessandro,NAGELLACKE,77-901,,,true
2749290,4025087779027,NAGELLACK 902 MOUSSE AU CHOCOLAT 10 ML,Alessandro,NAGELLACKE,77-902,,,true
2749291,4025087779034,NAGELLACK 903 MOCCA 10 ML,Alessandro,NAGELLACKE,77-903,,,true
2749292,4025087779041,NAGELLACK 904 RED PARADIESE 10 ML,Alessandro,NAGELLACKE,77-904,,,true
2749293,4025087779058,NAGELLACK 905 ROUGE NOIR 10 ML,Alessandro,NAGELLACKE,77-905,,,true
2749294,4025087779065,NAGELLACK 906 RED ILLUSION 10 ML,Alessandro,NAGELLACKE,77-906,,,true
2749295,4025087779072,NAGELLACK 907 RUBY RED 10 ML,Alessandro,NAGELLACKE,77-907,,,true
2749296,4025087779089,NAGELLACK 908 PINK DIVA 10 ML,Alessandro,NAGELLACKE,77-908,,,true
2749297,4025087779096,NAGELLACK 909 JUAN´S KISS 10 ML,Alessandro,NAGELLACKE,77-909,,,true
2749298,4025087779102,NAGELLACK 910 ROSY WIND 10 ML,Alessandro,NAGELLACKE,77-910,,,true
2749299,4025087779119,NAGELLACK 911 SATIN ROSA 10 ML,Alessandro,NAGELLACKE,77-911,,,true
2749300,4025087779126,NAGELLACK 912 URBAN DENIM 10 ML,Alessandro,NAGELLACKE,77-912,,,true
2749301,4025087779133,NAGELLACK 913 ALL NIGHT LONG 10 ML,Alessandro,NAGELLACKE,77-913,,,true
2749302,4025087779140,NAGELLACK 914 MINTASTIC 10 ML,Alessandro,NAGELLACKE,77-914,,,true
2749303,4025087779157,NAGELLACK 915 JUST JOY 10 ML,Alessandro,NAGELLACKE,77-915,,,true
2749304,4025087779164,NAGELLACK 916 OCEAN BLUE 10 ML,Alessandro,NAGELLACKE,77-916,,,true
2749305,4025087779171,NAGELLACK 917 BABY BLUE 10 ML,Alessandro,NAGELLACKE,77-917,,,true
2749306,4025087779188,NAGELLACK 918 BALTIC BLUE 10 ML,Alessandro,NAGELLACKE,77-918,,,true
2749307,4025087779195,NAGELLACK 919 GOT THE BLUES 10 ML,Alessandro,NAGELLACKE,77-919,,,true
2749308,4025087779201,NAGELLACK 920 GREENWOOD 10 ML,Alessandro,NAGELLACKE,77-920,,,true
2749309,4025087779218,NAGELLACK 921 HOLY GUANAMOLE 10 ML,Alessandro,NAGELLACKE,77-921,,,true
2749310,4025087779225,NAGELLACK 922 MR. BAMBOO 10 ML,Alessandro,NAGELLACKE,77-922,,,true
2749311,4025087779232,NAGELLACK 923 LIMONCELLO 10 ML,Alessandro,NAGELLACKE,77-923,,,true
2749312,4025087779249,NAGELLACK 924 MELLOW PEACH 10 ML,Alessandro,NAGELLACKE,77-924,,,true
2749313,4025087779256,NAGELLACK 925 PAPA PAPAYA 10 ML,Alessandro,NAGELLACKE,77-925,,,true
2749314,4025087779263,NAGELLACK 926 PEACH IT UP 10 ML,Alessandro,NAGELLACKE,77-926,,,true
2749315,4025087779270,NAGELLACK 927 CRAZY CORAL 10 ML,Alessandro,NAGELLACKE,77-927,,,true
2749316,4025087779287,NAGELLACK 928 MY LAURY 10 ML,Alessandro,NAGELLACKE,77-928,,,true
2749317,4025087779294,NAGELLACK 929 PRETTY BALLERINA 10 ML,Alessandro,NAGELLACKE,77-929,,,true
2749318,4025087779300,NAGELLACK 930 MY FIRST LOVE 10 ML,Alessandro,NAGELLACKE,77-930,,,true
2749319,4025087779317,NAGELLACK 931 PETITE NANA 10 ML,Alessandro,NAGELLACKE,77-931,,,true
2749320,4025087779324,NAGELLACK 932 VIOLET SKY 10 ML,Alessandro,NAGELLACKE,77-932,,,true
2749321,4025087779331,NAGELLACK 933 MEET ME IN PARIS 10 ML,Alessandro,NAGELLACKE,77-933,,,true
2749322,4025087779348,NAGELLACK 934 P. S. I LOVE YOU 10 ML,Alessandro,NAGELLACKE,77-934,,,true
2749323,4025087779355,NAGELLACK 935 SEXY JILL 10 ML,Alessandro,NAGELLACKE,77-935,,,true
2749324,4025087779362,NAGELLACK 936 BERRY WINE 10 ML,Alessandro,NAGELLACKE,77-936,,,true
2749325,4025087791012,"ALE NAGELLACK 101 WHITE HONEYMOON TESTER 5,5 ML",Alessandro,NAGELLACKE,79-101,,,true
2749326,4025087791029,"ALE NAGELLACK 102 MOONLIGHT KISS TESTER 5,5 ML",Alessandro,NAGELLACKE,79-102,,,true
2749327,4025087791036,"ALE NAGELLACK 103 MILKY DREAM TESTER 5,5 ML",Alessandro,NAGELLACKE,79-103,,,true
2749328,4025087791043,"ALE NAGELLACK 104 HEAVENS NUDE TESTER 5,5 ML",Alessandro,NAGELLACKE,79-104,,,true
2749329,4025087791074,"ALE NAGELLACK 107 SHIMMER SHELL TESTER 5,5 ML",Alessandro,NAGELLACKE,79-107,,,true
2749330,4025087791081,"ALE NAGELLACK 108 NUDE ELEGANCE TESTER 5,5 ML",Alessandro,NAGELLACKE,79-108,,,true
2749331,4025087791098,"ALE NAGELLACK 109 SINFUL GLOW TESTER 5,5 ML",Alessandro,NAGELLACKE,79-109,,,true
2749332,4025087791128,"ALE NAGELLACK 112 CLASSIC RED TESTER 5,5 ML",Alessandro,NAGELLACKE,79-112,,,true
2749333,4025087791142,"ALE NAGELLACK 114 ORANGE RED TESTER 5,5 ML",Alessandro,NAGELLACKE,79-114,,,true
2749334,4025087791166,"ALE NAGELLACK 116 ROCKMELON CANDY TESTER 5,5 ML",Alessandro,NAGELLACKE,79-116,,,true
2749335,4025087791203,"ALE NAGELLACK 120 TOFFEE NUT TESTER 5,5 ML",Alessandro,NAGELLACKE,79-120,,,true
2749336,4025087791241,"ALE NAGELLACK 124 SHINY AUBERGINE TEST 5,5 ML",Alessandro,NAGELLACKE,79-124,,,true
2749337,4025087791258,"ALE NAGELLACK 125 FIRE & FLAME TESTER 5,5 ML",Alessandro,NAGELLACKE,79-125,,,true
2749338,4025087791265,"ALE NAGELLACK 126 VELVET RED TESTER 5,5 ML",Alessandro,NAGELLACKE,79-126,,,true
2749339,4025087791272,"ALE NAGELLACK 127 SECRET RED TESTER 5,5 ML",Alessandro,NAGELLACKE,79-127,,,true
2749340,4025087791289,"ALE NAGELLACK 128 RED CARPET TESTER 5,5 ML",Alessandro,NAGELLACKE,79-128,,,true
2749341,4025087791296,"ALE NAGELLACK 129 BERRY RED TESTER 5,5 ML",Alessandro,NAGELLACKE,79-129,,,true
2749342,4025087791302,"ALE NAGELLACK 130 FIRST KISS RED TESTER 5,5 ML",Alessandro,NAGELLACKE,79-130,,,true
2749343,4025087791319,"ALE NAGELLACK 131 GIRLY FLUSH TESTER 5,5 ML",Alessandro,NAGELLACKE,79-131,,,true
2749344,4025087791326,"ALE NAGELLACK 132 PINK EMOTION TESTER 5,5 ML",Alessandro,NAGELLACKE,79-132,,,true
2749345,4025087791333,"ALE NAGELLACK 133 HURLY BURLY TESTER 5,5 ML",Alessandro,NAGELLACKE,79-133,,,true
2749346,4025087791340,"ALE NAGELLACK 134 SILKY MAUVE TESTER 5,5 ML",Alessandro,NAGELLACKE,79-134,,,true
2749347,4025087791371,"ALE NAGELLACK 137 BABY PINK TESTER 5,5 ML",Alessandro,NAGELLACKE,79-137,,,true
2749348,4025087791388,"ALE NAGELLACK 138 HAPPY PINK TESTER 5,5 ML",Alessandro,NAGELLACKE,79-138,,,true
2749349,4025087791418,"ALE NAGELLACK 141 SWEET BLACKBERRY TEST 5,5 ML",Alessandro,NAGELLACKE,79-141,,,true
2749350,4025087791425,"ALE NAGELLACK 142 NEON PINK TESTER 5,5 ML",Alessandro,NAGELLACKE,79-142,,,true
2749351,4025087791432,"ALE NAGELLACK 143 BUBBLE GUM TESTER 5,5 ML",Alessandro,NAGELLACKE,79-143,,,true
2749352,4025087791449,"ALE NAGELLACK 144 PINK CADILLAC TESTER 5,5 ML",Alessandro,NAGELLACKE,79-144,,,true
2749353,4025087791456,"ALE NAGELLACK 145 DARK VIOLET TESTER 5,5 ML",Alessandro,NAGELLACKE,79-145,,,true
2749354,4025087791500,"ALE NAGELLACK 150 VIBRANT FUCHSIA TEST 5,5 ML",Alessandro,NAGELLACKE,79-150,,,true
2749355,4025087791517,"ALE NAGELLACK 151 PURPLE SECRET TESTER 5,5 ML",Alessandro,NAGELLACKE,79-151,,,true
2749356,4025087791531,"ALE NAGELLACK 153 ELEGANT RUBIN TESTER 5,5 ML",Alessandro,NAGELLACKE,79-153,,,true
2749357,4025087791548,"ALE NAGELLACK 154 MIDNIGHT RED TESTER 5,5 ML",Alessandro,NAGELLACKE,79-154,,,true
2749358,4025087791555,"ALE NAGELLACK 155 DARK RUBIN TESTER 5,5 ML",Alessandro,NAGELLACKE,79-155,,,true
2749359,4025087791562,"ALE NAGELLACK 156 LUCKY LAVENDER TESTER 5,5 ML",Alessandro,NAGELLACKE,79-156,,,true
2749360,4025087791586,"ALE NAGELLACK 158 BLACKBERRY TESTER 5,5 ML",Alessandro,NAGELLACKE,79-158,,,true
2749361,4025087791609,"ALE NAGELLACK 160 BLUE LAGOON TESTER 5,5 ML",Alessandro,NAGELLACKE,79-160,,,true
2749362,4025087791616,"ALE NAGELLACK 161 CRAZY LAZY TESTER 5,5 ML",Alessandro,NAGELLACKE,79-161,,,true
2749363,4025087791630,"ALE NAGELLACK 163 PEPPERMINT PATTY TEST 5,5 ML",Alessandro,NAGELLACKE,79-163,,,true
2749364,4025087791678,"ALE NAGELLACK 167 DUSTY PURPLE TESTER 5,5 ML",Alessandro,NAGELLACKE,79-167,,,true
2749365,4025087791692,"ALE NAGELLACK 169 NUDE PARISIENNE TEST 5,5 ML",Alessandro,NAGELLACKE,79-169,,,true
2749366,4025087791708,"ALE NAGELLACK 170 HOT STONE TESTER 5,5 ML",Alessandro,NAGELLACKE,79-170,,,true
2749367,4025087791715,"ALE NAGELLACK 171 BROWN METALLIC TESTER 5,5 ML",Alessandro,NAGELLACKE,79-171,,,true
2749368,4025087791739,"ALE NAGELLACK 173 GLITTER QUEEN TESTER 5,5 ML",Alessandro,NAGELLACKE,79-173,,,true
2749369,4025087791746,"ALE NAGELLACK 174 SILVER TESTER 5,5 ML",Alessandro,NAGELLACKE,79-174,,,true
2749370,4025087791760,"ALE NAGELLACK 176 NEW YORK GREY TESTER 5,5 ML",Alessandro,NAGELLACKE,79-176,,,true
2749371,4025087791777,"ALE NAGELLACK 177 MIDNIGHT BLACK TESTER 5,5 ML",Alessandro,NAGELLACKE,79-177,,,true
2749372,4025087791784,"ALE NAGELLACK 178 LUMINOUS TESTER 5,5 ML",Alessandro,NAGELLACKE,79-178,,,true
2749373,4025087791791,"ALE NAGELLACK 179 LITTLE PRINCESS TEST 5,5 ML",Alessandro,NAGELLACKE,79-179,,,true
2749374,4025087791814,"ALE NAGELLACK 181 PEACHY CINDER. TESTER 5,5 ML",Alessandro,NAGELLACKE,79-181,,,true
2749375,4025087791821,"ALE NAGELLACK 182 POMEGRANATE TESTER 5,5 ML",Alessandro,NAGELLACKE,79-182,,,true
2749376,4025087791838,"ALE NAGELLACK 183 BLACK CHERRY TESTER 5,5 ML",Alessandro,NAGELLACKE,79-183,,,true
2749377,4025087791845,"ALE NAGELLACK 184 CHERRY CHERRY L. TEST 5,5 ML",Alessandro,NAGELLACKE,79-184,,,true
2749378,4025087791869,"ALE NAGELLACK 186 DOLLY'S PINK TESTER 5,5 ML",Alessandro,NAGELLACKE,79-186,,,true
2749379,4025087791876,"ALE NAGELLACK 187 HAWAIIAN DREAM TESTER 5,5 ML",Alessandro,NAGELLACKE,79-187,,,true
2749380,4025087791883,"ALE NAGELLACK 188 MERRY POPPINS TESTER 5,5 ML",Alessandro,NAGELLACKE,79-188,,,true
2749381,4025087791890,"ALE NAGELLACK 189 PINK MELON TESTER 5,5 ML",Alessandro,NAGELLACKE,79-189,,,true
2749382,4025087791906,"ALE NAGELLACK 190 PURPLE PURPOSE TESTER 5,5 ML",Alessandro,NAGELLACKE,79-190,,,true
2749383,4025087791937,"ALE NAGELLACK 193 DEEP OCEAN BLUE TEST 5,5 ML",Alessandro,NAGELLACKE,79-193,,,true
2749384,4025087791944,"ALE NAGELLACK 194 WILD SAFARI TESTER 5,5 ML",Alessandro,NAGELLACKE,79-194,,,true
2749385,4025087791975,"ALE NAGELLACK 197 VELVET TAUPE TESTER 5,5 ML",Alessandro,NAGELLACKE,79-197,,,true
2749386,4025087791982,"ALE NAGELLACK 198 CASHMERE TOUCH TESTER 5,5 ML",Alessandro,NAGELLACKE,79-198,,,true
2749387,4025087791999,"ALE NAGELLACK 199 GOLDEN RAIN TESTER 5,5 ML",Alessandro,NAGELLACKE,79-199,,,true
2749388,4025087799018,"ALE NAGELLACK 901 LATTE MACCHIATO TESTER 5,5 ML",Alessandro,NAGELLACKE,79-901,,,true
2749389,4025087799025,"ALE NAGELLACK 902 MOUSSE AU CHOC. TESTER 5,5 ML",Alessandro,NAGELLACKE,79-902,,,true
2749390,4025087799032,"ALE NAGELLACK 903 MOCCA TESTER 5,5 ML",Alessandro,NAGELLACKE,79-903,,,true
2749391,4025087799049,"ALE NAGELLACK 904 RED PARADISE TESTER 5,5 ML",Alessandro,NAGELLACKE,79-904,,,true
2749392,4025087799056,"ALE NAGELLACK 905 ROUGE NOIR TESTER 5,5 ML",Alessandro,NAGELLACKE,79-905,,,true
2749393,4025087799063,"ALE NAGELLACK 906 RED ILLUSION TESTER 5,5 ML",Alessandro,NAGELLACKE,79-906,,,true
2749394,4025087799070,"ALE NAGELLACK 907 RUBY RED TESTER 5,5 ML",Alessandro,NAGELLACKE,79-907,,,true
2749395,4025087799087,"ALE NAGELLACK 908 ALE PINK DIVA TESTER 5,5 ML",Alessandro,NAGELLACKE,79-908,,,true
2749396,4025087799094,"ALE NAGELLACK 909 JUAN´S KISS TESTER 5,5 ML",Alessandro,NAGELLACKE,79-909,,,true
2749397,4025087799100,"ALE NAGELLACK 910 ROSY WIND TESTER 5,5 ML",Alessandro,NAGELLACKE,79-910,,,true
2749398,4025087799117,"ALE NAGELLACK 911 SATIN ROSA TESTER 5,5 ML",Alessandro,NAGELLACKE,79-911,,,true
2749399,4025087799124,"ALE NAGELLACK 912 URBAN DENIM TESTER 5,5 ML",Alessandro,NAGELLACKE,79-912,,,true
2749400,4025087799131,"ALE NAGELLACK 913 ALL NIGHT LONG TESTER 5,5 ML",Alessandro,NAGELLACKE,79-913,,,true
2749401,4025087799148,"ALE NAGELLACK 914 MINTASTIC TESTER 5,5 ML",Alessandro,NAGELLACKE,79-914,,,true
2749402,4025087799155,"ALE NAGELLACK 915 JUST JOY TESTER 5,5 ML",Alessandro,NAGELLACKE,79-915,,,true
2749403,4025087799162,"ALE NAGELLACK 916 OCEAN BLUE TESTER 5,5 ML",Alessandro,NAGELLACKE,79-916,,,true
2749404,4025087799179,"ALE NAGELLACK 917 BABY BLUE TESTER 5,5 ML",Alessandro,NAGELLACKE,79-917,,,true
2749405,4025087799186,"ALE NAGELLACK 918 BALTIC BLUE TESTER 5,5 ML",Alessandro,NAGELLACKE,79-918,,,true
2749406,4025087799193,"ALE NAGELLACK 919 GOT THE BLUES TESTER 5,5 ML",Alessandro,NAGELLACKE,79-919,,,true
2749407,4025087799209,"ALE NAGELLACK 920 GREENWOOD TESTER 5,5 ML",Alessandro,NAGELLACKE,79-920,,,true
2749408,4025087799216,"ALE NAGELLACK 921 HOLY GUACAMOLE TESTER 5,5 ML",Alessandro,NAGELLACKE,79-921,,,true
2749409,4025087799223,"ALE NAGELLACK 922 MR. BAMBOO TESTER 5,5 ML",Alessandro,NAGELLACKE,79-922,,,true
2749410,4025087799230,"ALE NAGELLACK 923 LIMONCELLO TESTER 5,5 ML",Alessandro,NAGELLACKE,79-923,,,true
2749411,4025087799247,"ALE NAGELLACK 924 MELLOW PEACH TESTER 5,5 ML",Alessandro,NAGELLACKE,79-924,,,true
2749412,4025087799254,"ALE NAGELLACK 925 PAPA PAPAYA TESTER 5,5 ML",Alessandro,NAGELLACKE,79-925,,,true
2749413,4025087799261,"ALE NAGELLACK 926 PEACH IT UP TESTER 5,5 ML",Alessandro,NAGELLACKE,79-926,,,true
2749414,4025087799278,"ALE NAGELLACK 927 CRAZY CORAL TESTER 5,5 ML",Alessandro,NAGELLACKE,79-927,,,true
2749415,4025087799285,"ALE NAGELLACK 928 MY LAURY TESTER 5,5 ML",Alessandro,NAGELLACKE,79-928,,,true
2749416,4025087799292,"ALE NAGELLACK 929 PRETTY BALLERINA TEST 5,5 ML",Alessandro,NAGELLACKE,79-929,,,true
2749417,4025087799308,"ALE NAGELLACK 930 MY FIRST LOVE TESTER 5,5 ML",Alessandro,NAGELLACKE,79-930,,,true
2749418,4025087799315,"ALE NAGELLACK 931 PETITE NANA TESTER 5,5 ML",Alessandro,NAGELLACKE,79-931,,,true
2749419,4025087799322,"ALE NAGELLACK 932 VIOLET SKY TESTER 5,5 ML",Alessandro,NAGELLACKE,79-932,,,true
2749420,4025087799339,"ALE NAGELLACK 933 MEET ME IN PARIS TEST 5,5 ML",Alessandro,NAGELLACKE,79-933,,,true
2749421,4025087799346,"ALE NAGELLACK 934 P.S. I LOVE YOU TESTER 5,5 ML",Alessandro,NAGELLACKE,79-934,,,true
2749422,4025087799353,"ALE NAGELLACK 935 SEXY JILL TESTER 5,5 ML",Alessandro,NAGELLACKE,79-935,,,true
2749423,4025087799360,"ALE NAGELLACK 936 BERRY WINE TESTER 5,5 ML",Alessandro,NAGELLACKE,79-936,,,true
2749424,4025087991207,ORGANZASÄCKCHEN SCHWARZ 25 ST,Alessandro,MERCHANDISING,99-120,,,true
2749425,4057824121943,MUNDSCHUTZ ROSA 50 ST,Alessandro,ZUBEHÖR,05-673,,,true
2749426,4057824122261,ALE FFP2 MASKEN SCHWARZ 10 ST,Alessandro,ZUBEHÖR,45-057,,,true
2749427,4260314390419,ALE NITRIL HANDSCHUHE PINK PUDERFREI XS 100 ST,Alessandro,ZUBEHÖR,45-309,,,true
2749428,4260314390426,ALE NITRIL HANDSCHUHE PINK PUDERFREI S 100 ST,Alessandro,ZUBEHÖR,45-310,,,true
2749429,4260314390433,ALE NITRIL HANDSCHUHE PINK PUDERFREI M 100 ST,Alessandro,ZUBEHÖR,45-311,,,true
2749430,4260314393724,LATEX HANDSCHUHE SCHWARZ PUDERFREI S 100 ST,Alessandro,ZUBEHÖR,45-313,,,true
2749431,4260314393731,LATEX HANDSCHUHE SCHWARZ PUDERFREI M 100 ST,Alessandro,ZUBEHÖR,45-314,,,true
2749432,4260353455452,BIT DIAMANT SCHLEIFER KUGELFORM 1 ST,Alessandro,GERÄTE,45-545,,,true
2781919,4013474151280,Soft Feet Peeling,GEHWOL,Fußkraft,151 120 700,7,,true
2781920,4013474151310,Soft Feet Lotion,GEHWOL,Fußkraft,101 250 700,2,,true
2781921,4013474151303,Soft Feet Creme,GEHWOL,Fußkraft,101 240 700,4,,true
2781922,4013474101469,Sofa Feet Butter,GEHWOL,Fußkraft,101 290 600,3,,true
2781923,4013474101421,Soft Feet Pflegebad,GEHWOL,Fußkraft,101 262 000,-1,,true
2781924,4013474107300,Express Pflege Schaum,GEHWOL,Med.,101 140 700,1,,true
2781925,4013474107096,Fußdeo Creme,GEHWOL,Med.,104 070 700,1,,true
2781926,4013474107119,Lipidro Creme 125ml,GEHWOL,Med.,104 080 700,1,,true
2781927,4013474107102,Lipidro Creme 75ml,GEHWOL,Med.,104 080 500,9,,true
2781928,4013474107263,Sensitive,GEHWOL,Med.,104 130 700,-1,,true
2781929,4013474107003,Schrunden Salbe 75ml,GEHWOL,Med.,104 010 500,1,,true
2781930,4013474101070,Fluid,GEHWOL,Weitere Pflege,101 090 100,5,,true
2781931,4013474101018,Pflegecreme (Grün),GEHWOL,Fußkraft,101 010 500,0,,true
2781932,4013474101117,Intensiv Creme (Blau) 125ml,GEHWOL,Fußkraft,101 020 700,2,,true
2781933,4013474101001,Intensiv Creme (Blau) 75ml,GEHWOL,Fußkraft,101 020 500,12,,true
2781934,4013474101216,Wärme Creme (Rot) 125ml,GEHWOL,Fußkraft,101 230 700,1,,true
2781935,4013474101209,Wärme Creme (Rot) 75ml,GEHWOL,Fußkraft,101 230 500,2,,true
2781936,4013474101384,Hydrolipid Lotion,GEHWOL,Fußkraft,101 100 700,1,,true
2781937,4013474101124,Kräuterbad 10 Portionen,GEHWOL,Fußkraft,101 152 000,0,,true
2781938,4013474101094,Wärmefußbad Konzentrat,GEHWOL,Fußkraft,101 180 800,1,,true
2781939,4013474101186,Bein Vital,GEHWOL,Fußkraft,101 110 700,1,,true
2781940,4013474107133,Fußpuder,GEHWOL,Med.,104 090 600,2,,true
2781941,4013474106471,Blasenpflaster,GEHWOL,Weitere Pflege,102 762 000,,0,true
2781942,4013474106310,Zehenkappe mittel,GEHWOL,Weitere Pflege,102 680 500,-1,,true
2781943,4013474106686,Kleinzehen Ballenpolster G,GEHWOL,Weitere Pflege,102 693 500,0,,true
2781944,4013474106358,Zehenteiler klein,GEHWOL,Weitere Pflege,102 680 900,5,,true
2781945,4013474106563,Zehenspreizer G klein,GEHWOL,Weitere Pflege,102 691 200,1,,true
2781946,4013474107065,Schrunden Salbe 125ml,GEHWOL,Med.,104 010 700,-2,,true
2781947,4013474101131,Pfege Creme (Grün) 125ml,GEHWOL,Fußkraft,101 010 700,,,true
2785577,4025087074351,Arctic,Alessandro,Handcreme,,5,,true
2786624,4025087345420,Frozen Grabe Cream Rich,Alessandro,Cream Rich Handcreme,,-14,,true
2786625,4025087345444,Icey Plum Cream Rich,Alessandro,Cream Rich Handcreme,,-5,,true
2786626,4025087347370,Be My Bee Hand Cream,Alessandro,Handcreme,,-1,,true
2786627,4025087347394,Be My Bee Hand serum,Alessandro,Handcreme,,-4,,true
2787139,4250094952778,Hyaluronic Mask 15ml,KLAPP,HYALURONIC,,0,,true
2787789,4250094951009,Effekt Mask,KLAPP,A CLASSIC,,-1,,true
2787792,4025087670232,Pedix Feet Cooling Ice Gel,Alessandro,Pedix Feet,,,,true
2787793,4250094973650,Detox Serum,KLAPP,IMMUN,,,,true
2787865,4250094952839,Stripexan Face Care Set,KLAPP,STRI-PEXAN,,-3,,true
2787867,4250094952198,Power Concentrate Set 3x2ml,KLAPP,Beauty Time,,3,,true
2787869,4025087425177,Be My Bee Foot Butter,Alessandro,Be My Bee,,,,true
2787871,4250094953256,Hyaluron Concentrate For Microneddling,KLAPP,Weitere Pflege,,1,,true
2787872,4250094952143,7 Tage Ampullen Kur,KLAPP,Beauty Moments,,-3,,true
2787875,,Hangover Age Fight serum 15ml,KLAPP,MEN,4365,1,,true
2790114,,Repagen Exclusiv Serum 15ml,KLAPP,REPAGEN EXCLUSIVE,,-1,,true
2791996,4250094952273,Dermaroller Micro Needling Home Set,KLAPP,Dermaroller,,1,,true
2804757,4250094954406,Summer Travel Set Hyaluronic,KLAPP,HYALURONIC,,-9,,true
2804758,4025087045399,Handcreme Maccarons gelb,Alessandro,Hand Spa,,-3,,true
2804759,4025087045351,Handcreme Maccarons rosa,Alessandro,Hand Spa,,-2,,true
2804760,4025087045375,Handcreme Maccarons grün,Alessandro,Hand Spa,,-3,,true
2804761,4250094935474,Cleansing Lotion 75ml,KLAPP,CLEAN & ACTIVE,,-2,,true
2804762,4250094971007,Enzym peeling 15ml,KLAPP,CLEAN & ACTIVE,,1,,true
2804763,4250094935504,Tonic without Alcohol 75ml,KLAPP,CLEAN & ACTIVE,,0,,true
2804765,,Aloe Vera Cream 15ml,KLAPP,SKIN NATURAL,,0,,true
2810389,4025087074337,Arctic Handcreme 200ml,Alessandro,Arctic,,-3,,true
2810394,4025087040165,Nice Day Hydration 150ml,Alessandro,Hand Spa,,1,,true
2810398,4025087045337,Cream Rich Apricot 50ml,Alessandro,Hand Spa,,-5,,true
2810401,4025087347288,Flower Bomb Nice Day 50ml,Alessandro,Hand Spa,,4,,true
2810402,4025087054742,Almond Thyme Nagelserum 14ml,Alessandro,Weitere Pflege,,0,,true
2810404,4025087045528,Almond Thyme Handcreme 75ml,Alessandro,Hand Spa,,0,,true
2810408,4025087345185,Gentle Touch Hand Mousse 30ml,Alessandro,Gentle Touch,,8,,true
2811617,4025087213859,Arctic Hand&Nagel Set öl,Alessandro,Arctic,,3,,true
2811618,,Pro White Lack 5ml,Alessandro,Spa,,2,,true
2811619,4025087437439,Express Nagelhärter Rose,Alessandro,Hand Nail Foot,,0,0,true
2811621,4025087347097,Balancing Hand Care Oil,Alessandro,Hand Nail Foot,,0,,true
2811623,4025087054261,Mineral Feile,Alessandro,nailspa,,2,,true
2811624,,Nagelhautentferner,Alessandro,Quiz & Easy,,2,,true
2811639,4025087211152,Nagelhaut Set,Alessandro,Spa,,1,,true
2811643,,10 Min. Hydra Hand Mask 30ml Cherry Blossom,Alessandro,Spa,,2,,true
2811644,,10 Min. Hydra Hand Mask 30ml Lemon Milk,Alessandro,Spa,,1,,true
2811645,4025087125022,Hand und Nagelpeeling,Alessandro,Maniqure,,1,,true
2811649,4025087435404,Arctic Nagellack Set Kugel,Alessandro,Arctic,,3,,true
2811652,4025087214139,Nail Reload Maniküre Set,Alessandro,Spa,,0,,true
2811653,4025087214108,Maniküre @Home Set,Alessandro,Spa,,1,,true
2815185,4250094952808,Aloe Vera Face Care Set,KLAPP,SKIN NATURAL,,0,,true
2858881,4013474107034,Nagelweicher,GEHWOL,Med.,104 040 100,-1,,true
2858900,4013474107218,Hornhaut Creme 75ml,GEHWOL,Med.,104 120 500,0,,true
2858904,4013474101452,Aloe Vera Schaum,GEHWOL,Soft Feet,101 280 700,-10,,true
2879446,4250094953324,Diamond Day & Night Cream Rich 30ml,KLAPP,DIAMOND,,1,,true
2902792,4013474107010,Nagel und Hautschutz Öl,GEHWOL,Med.,104 020 100,0,,true
2925183,4013474106280,Zehenschutz klein,GEHWOL,Weitere Pflege,102680200,-2,,true
2936112,,Aloe Vera Gel 15ml,KLAPP,SKIN NATURAL,,2,,true
2936116,,Cleansing Foam 30ml,KLAPP,CLEAN & ACTIVE,,0,,true
3024597,4250094950750,Hyaluronic Power Set Ampullen,KLAPP,HYALURONIC,,0,,true
3124269,4025087347219,MAGIC MAN. 2-PHASE HANDPEEL. 30ml,Alessandro,Spa,,12,,true
3148880,4250094954666,Klapp Adventskalender,KLAPP,Weitere Pflege,,-3,,true
3157992,4025087430263,Nail Repair Maske Peel-Off,Alessandro,Hand Spa,,3,,true
3158606,,Repagen Body Hand Maske 1 Stück,KLAPP,REPAGEN BODY,,-11,,true
3158834,4025087214184,Nail Care Set X-Mas,Alessandro,Spa,,1,,true
3158842,4025087115498,Duftkerze X-Mas,Alessandro,Seasons Greetings,,2,,true
3158844,4025087074573,Handcreme X-Mas 30ml,Alessandro,Seasons Greetings,,5,,true
3158845,4025087074566,Handcreme X-Mas 15ml,Alessandro,Seasons Greetings,,21,,true
3162314,4250094954536,Repagen Exclusive Face Care Set,KLAPP,REPAGEN EXCLUSIVE,,2,,true
3162316,4250094954505,X-Mas Hyaluronic Multi Level Exclusive Box,KLAPP,Hyaluronic Multi Level Performance,,4,,true
3164691,4250094954529,Men Face Care Set,KLAPP,MEN,,2,,true
3164692,4250094954970,X-Mas Triple Action Moisturizing Sheet Mask 2St.,KLAPP,Hyaluronic Multi Level Performance,,0,,true
3164693,4250094954567,A Classic Face Care Set,KLAPP,A CLASSIC,,0,,true
3164697,4250094954642,Diamond Day&Night Cream Rich 30ml,KLAPP,DIAMOND,,1,,true
3164731,4250094954765,Hyaluronic Triple Action Moisture Day&Night Cream,KLAPP,Hyaluronic Multi Level Performance,C4001,-1,7,true
3164752,4250094954956,Hyaluronic Triple Action Moisture Eye Cream,KLAPP,Hyaluronic Multi Level Performance,C4012,5,,true
3164753,4250094954796,Hyaluronic Triple Action Moisture Eye Couture Gel,KLAPP,Hyaluronic Multi Level Performance,,2,1,true
3164756,4250094954789,Hyaluronic Triple Action Moisturizing Booster,KLAPP,Hyaluronic Multi Level Performance,C4003,4,1,true
3165188,4250094954772,Hyaluronic Triple Action Moisture Serum 50ml,KLAPP,Hyaluronic Multi Level Performance,C4002,0,,true
3165189,4250094954802,Hyaluronic Triple Action Moisture Sheet Mask 3St.,KLAPP,Hyaluronic Multi Level Performance,C4005,1,,true
3165192,4250094955243,Triple Action Moisturizing DISCOVERY SET,KLAPP,Hyaluronic Multi Level Performance,,2,,true
3176766,4250094952822,Repagen Exclusive Face Care Set,KLAPP,REPAGEN EXCLUSIVE,,0,,true
3176775,4250094952846,Men Face Care Set X-mas,KLAPP,MEN,,0,,true
3176784,4250094951160,Diamond Exclusive Box,KLAPP,DIAMOND,,1,,true
3209911,4250094955236,Hyaluronic Triple Action Moist. Power Trio Set,KLAPP,Hyaluronic Multi Level Performance,C4018,1,,true
3248736,,Alessandro Umverpackung,Alessandro,Weitere Pflege,,-2,,true
3382798,4025087274805,Aless#Dress Lack,Alessandro,Nail polish,,0,,true
3382799,4025087274768,Way to Wonderland Lack,Alessandro,Nail polish,,3,,true
3382800,4025087274799,White Rabbit Lack,Alessandro,Nail polish,27-479,1,,true
3382802,4025087274782,Smiling cat lack,Alessandro,Nail polish,,-2,,true
3382803,4025087274775,Queen of Heart Lack,Alessandro,Nail polish,,-5,,true
3382805,4025087347486,Lovely Hemp hand cream,Alessandro,Weitere Pflege,,4,,true
3382807,4025087347509,Lovely Hemp Spray,Alessandro,Weitere Pflege,,5,,true
3391672,,Hyaluronic Booster 20ml,KLAPP,HYALURONIC,S2554,6,,true
3391708,,Hyaluronic Day &Night Cream 15ml,KLAPP,HYALURONIC,2533,6,,true
3391719,4250094950767,Skin Nature Aloe Vera Ampules Set,KLAPP,SKIN NATURAL,,2,,true
3421159,4250094955311,Sun Body lotion 50SPF 200ml,KLAPP,Protect Multi Level Performance,C6005,-2,3,true
3421163,4250094955328,After Sun Gel 200ml,KLAPP,Protect Multi Level Performance,C6006,7,,true
3421166,4250094955274,Facial Suncream 30SPF 50ml,KLAPP,Protect Multi Level Performance,C6001,2,,true
3421168,4250094955281,Facial Suncream 50SPF 50ml,KLAPP,Protect Multi Level Performance,C6002,11,,true
3421577,4250094955298,BB Facial Sunscreen 50 SPF,KLAPP,Protect Multi Level Performance,C6003,8,1,true
3421598,4250094955113,Cleansing Gel 200ml,KLAPP,Hyaluronic Multi Level Performance Purify,C1001,5,1,true
3421600,4250094955120,Cleansing Milk 200ml,KLAPP,Hyaluronic Multi Level Performance Purify,C1002,15,1,true
3421601,4250094955137,Cleansing Milk Sensitiv 200ml,KLAPP,Hyaluronic Multi Level Performance Cleansing,C1003,0,1,true
3421602,4250094955151,PHA Toner 200ml,KLAPP,Hyaluronic Multi Level Performance Purify,C1005,-4,21,true
3421603,4250094955168,OHA Toner Sensitive 200ml,KLAPP,Hyaluronic Multi Level Performance Cleansing,C1006,0,1,true
3421753,4250094955144,Cleansing Balm 50ml,KLAPP,Hyaluronic Multi Level Performance Cleansing,C1004,3,,true
3421754,4250094955175,Enzym Peeling Balm 50ml,KLAPP,Hyaluronic Multi Level Performance Purify,C1007,3,8,true
3421755,4250094955199,Eye Make up Remover 125ml,KLAPP,Hyaluronic Multi Level Performance Purify,C1009,1,1,true
3474251,4250094955106,Glow Peeling AHA+ BHA,KLAPP,Hyaluronic Multi Level Performance Purify,Y1003,0,,true
3474252,4250094955090,Skin Perfection BHA Tonic,KLAPP,Hyaluronic Multi Level Performance Purify,Y1002,6,1,true
3543363,,Moisturizing Foot Mask 1Stk.,KLAPP,REPAGEN BODY,,-4,,true
3560062,4250094956134,Invisible Face & Body Glow Spray,KLAPP,Protect Multi Level Performance,Y6001,2,,true
3571481,4025087347554,Cream Rich 30ml,Alessandro,Spa,,0,,true
3571483,4025087347226,10min Hydra Hand Maske,Alessandro,Spa,,8,,true
3571485,4025087211343,SPA HOME SET,Alessandro,Spa,,4,,true
3571488,4025087274713,Banana Dream Lack,Alessandro,Nail polish,,2,,true
3571490,4025087274720,Tempting Snake Lack,Alessandro,Nail polish,,1,,true
3571491,4025087274737,Stay Brave Lack,Alessandro,Nail polish,27-473,0,1,true
3571493,4025087274751,Pink Hibiskus Lack,Alessandro,Nail polish,,1,,true
3571494,4025087274744,Flamingo Move Lack,Alessandro,Nail polish,,0,,true
3579045,4250094954390,Summer Travel Set Aloe Vera,KLAPP,Travel Set,,2,,true
3781575,4025087437477,Peach Peeling,Alessandro,Nail,,-1,,true
3781576,4025087437484,Pineapple Refreshing,Alessandro,Nail,,2,,true
3781578,4025087437491,Orange Nourishing,Alessandro,Nail,,2,,true
3781579,4025087437507,Blueberry Hydraiting,Alessandro,Nail,,2,,true
3781581,4025087437514,Kiwi Revitalizing,Alessandro,Nail,,3,,true
3968791,4250094961305,Aloe Vera Skin Care Set,KLAPP,SKIN NATURAL,,6,,true
3978647,4025087211602,Alessandro Adventskalender,Alessandro,Weitere Pflege,,3,,true
3978648,4025087073460,Duftkerze,Alessandro,Weitere Pflege,,1,,true
4001427,4025087347615,Frozen Beauty Karte Hand Butter 200ml,Alessandro,Spa,,2,,true
4001428,4250094956288,Discovery Set Cleansing,KLAPP,Hyaluronic Multi Level Performance Cleansing,,2,,true
4001429,4250094956295,Discovery Set Cleansing BHA,KLAPP,Hyaluronic Multi Level Performance Cleansing,,0,,true
4001430,4250094961312,MEN Face Care Set,KLAPP,MEN,,4,,true
4001431,4250094954543,Vitamin.A Face Care Set,KLAPP,A CLASSIC,,0,,true
4001432,4250094954512,Caviar Imperial EXCLUSIV BOX Black,KLAPP,Caviar Imperial,,2,,true
4001433,4250094961350,Caviar Imperial Exclusive Box White,KLAPP,Caviar Imperial,,1,,true
4001434,4250094961329,Repagen Exclusiv Set,KLAPP,REPAGEN EXCLUSIVE,,6,,true
4001435,4250094961336,Cleansing & Skin Care Set,KLAPP,Hyaluronic Multi Level Performance,,0,,true
4039804,4250094960544,Triple Action Pro Age Overnight Mask,KLAPP,Retinol Triple Action Pro Age,C2007,2,,true
4039807,4250094960469,Triple Action Pro Age Serum,KLAPP,Retinol Triple Action Pro Age,C2002,4,1,true
4040019,4250094960445,Triple Action Pro Age Face Cream,KLAPP,Retinol Triple Action Pro Age,C2001,2,3,true
4040105,4250094962456,kalender klapp,KLAPP,Weitere Pflege,,-3,,true
4189943,4025087074542,Season‘s Greettings Handcreme 100ml,Alessandro,Seasons Greetings,,1,,true
4200494,4013474106402,Zehenkappe,GEHWOL,Gehwohl,,-1,,true
4233137,4250094964177,Daily Beauty Boost 7 Tage Ampullen Kur,KLAPP,Weitere Pflege,,6,,true
4348834,4250094963040,Skin Boost Filler 5 Ampullen Set,KLAPP,Skin Boost,,4,1,true
4348835,4250094962975,Skin Boost Vitamin C 5 Ampullen Set,KLAPP,Skin Boost,,1,1,true
4348836,4250094963057,Skin Boost Anti-Age Overnight 5 Ampullen,KLAPP,Skin Boost,,4,1,true
4348837,4250094962968,Skin Boost Retinol 5 Ampullen Set,KLAPP,Skin Boost,,3,1,true
4348838,4250094962982,Skin Boost Niaciamide 5 Ampullen Set,KLAPP,Skin Boost,,4,1,true
4348839,4250094963026,Skin Boost Illuminate 5 Ampullen Set,KLAPP,Skin Boost,,0,1,true
4348840,4250094963033,Skin Boost Clarify 5 Ampullen Set,KLAPP,Skin Boost,,6,1,true
4348841,4250094962951,Skin Boost Hyaluron 5 Ampullen Set,KLAPP,Skin Boost,,2,1,true
4348842,4250094962999,Skin Boost Aloe Vera 5 Ampullen Set,KLAPP,Skin Boost,,2,1,true
4348843,4250094963002,Skin Boost Caviar 5 Ampullen Set,KLAPP,Skin Boost,,1,1,true
4435709,4250094963705,Cell Pro Firming Serum,KLAPP,Cell Pro,C9004,5,1,true
4435711,4250094963712,Cell Pro Lifting Face Cream,KLAPP,Cell Pro,C9005,2,1,true
4435712,4250094963736,Cell Pro Eye Cream,KLAPP,Cell Pro,C9007,6,1,true
4468344,4250094955083,Cleansing Foam,KLAPP,Hyaluronic Multi Level Performance Cleansing,Y1001,4,1,true
4491696,4013474106549,Zehenschutzring G mittel,GEHWOL,Gehwohl,102 692 600,4,,true
4502271,4013474106365,Zehenteiler groß,GEHWOL,Weitere Pflege,102 681 000,5,,true
4502329,4013474106778,Blasenpflaster,GEHWOL,Weitere Pflege,102 762 002,,0,true
4503777,,Nagellack,Alessandro,lux,,-3,,true
4526241,4013474151037,Intensiv Creme,GEHWOL,Fußkraft,151 020 700,12,2,true
4526244,4013474151341,Butter,GEHWOL,Soft Feet,151 290 600,7,2,true
4526253,,Nail Repair Gel rosa H,GEHWOL,gehwol,102 532 505,2,,true
4665421,4250094965730,Klapp Adventskalender 2024,KLAPP,Xmas,,5,,true
4665470,4250094965600,Cashmere Body Butter Xmas,KLAPP,Xmas,,0,,true
4665730,4250094965631,Men Set Xmas,KLAPP,Xmas,,2,,true
4665731,4250094965648,Hyaluronic Skin Care Set Xmas,KLAPP,Xmas,,1,,true
4665732,4250094965679,Vitamin A Skin Care Set Xmas,KLAPP,Xmas,,0,,true
4665734,4250094965686,Purify & Balance Xmas Set,KLAPP,Xmas,,0,,true
4665735,4250094965693,Resist Aging Retinol Xmas Set,KLAPP,Xmas,,3,,true
4665736,4250094965709,Cell Pro Lifting XMas Set,KLAPP,Xmas,,-1,,true
4703861,4250094966201,Niacinamide Sheet Maske,KLAPP,Triple Action Refine,,2,2,true
4704307,4250094960483,Retinol Pro Age Booster,KLAPP,Retinol Triple Action Pro Age,C2003,3,1,true
4706221,4025087511818,Moments Alessandro Adventskalender,Alessandro,Moments,,4,,true
4706225,4025087212340,Moments Alessandro Hand Pflege Set,Alessandro,Moments,,3,,true
4718136,4025087435688,Moments X-Mas Karite Hand Butter,Alessandro,Moments,,7,,true
4718138,4025087345635,Moments Xmas Hand Cream,Alessandro,Moments,,1,,true
4718143,4025087124261,Moments Xmas Duftkerze,Alessandro,Moments,,2,,true
4766270,4025087435664,Moments,Alessandro,Moments,,6,,true
4766271,4025087211428,Snow White Hand Set,Alessandro,Snow,,0,,true
4793042,4025087124247,Nail & Lip Balm Moments,Alessandro,Moments,,3,,true
4793299,4025087073392,Snow White Hand Creme,Alessandro,Snow White,,2,,true
4835337,4250094955427,Aloe Vera Sheet Maske,KLAPP,Hyaluronic Multi Level Performance,,1,,true
4850272,4013474106587,Zehenspreizer G groß,GEHWOL,Weitere Pflege,,0,,true
4850283,4013474107027,Nagel und Hautschutzcreme,GEHWOL,Weitere Pflege,,1,,true
4873142,4250094954819,Triple Action Moisture Hyaluronic Serum 30 ml,KLAPP,Triple Action Moisture,,0,,true
4873146,4250094966362,Niacinamid 20% Concentrate,KLAPP,Triple Action Refine,,0,,true
4873147,4250094966355,Niacinamid 10% Serum,KLAPP,Triple Action Refine,,-1,,true
4897397,4250094968205,Hydrogel Eye Patches rosa,KLAPP,Weitere Pflege,4087,-11,,true
4901408,4250094968199,Hydrogel Eye Patches rot,KLAPP,Weitere Pflege,,-17,,true
4906861,4025087345772,Glow Shine Hand&Body Lotion,Alessandro,Glow Shine,,1,,true
4906862,4025087124254,Mystic Soul Raumduft,Alessandro,Mystic Soul,,6,,true
4911772,4250094953669,Ultimate Skincare Anti-Wrinkle Serum,KLAPP,Ultimate Skincare,,-1,,true
4933539,4250094963019,Reduce Anti Couperose Ampullen,KLAPP,Skin Boost,,5,,true
4958492,4025087212524,Repair & Care Treatment,Alessandro,Weitere Pflege,21-252,1,,true
4958494,,Nagel & Hand Pflege Set mit Tasche Rosa groß,Alessandro,Weitere Pflege,,4,,true
4958496,,Nagel & Hand Pflege Set mit Tasche Rosa klein,Alessandro,Weitere Pflege,,0,,true
4964041,4250094953652,Ultimate Skincare Skin Calming Serum,KLAPP,Ultimate Skincare,,2,,true
5021024,4025087345789,Magic Maniküre Hand Peeling Topf 50ml,Alessandro,Weitere Pflege,,7,,true
5021025,,Love Set -Augenpads-Ampulle-Maske,KLAPP,Weitere Pflege,,1,,true
5033326,4250094967871,Cell Pro Body Coffee Scrub,KLAPP,Cell Pro Body,C9012,2,,true
5033330,4250094967864,Cell Pro Body Hydrating Wash,KLAPP,Cell Pro Body,C9011,1,,true
5033337,4250094967888,Cell Pro Body Age Body Lotion,KLAPP,Cell Pro Body,C9013,0,,true
5033338,4250094967857,Cell Pro Body hand Cream,KLAPP,Cell Pro Body,C9010,1,,true
5033377,4250094969172,Recharge Set,KLAPP,Weitere Pflege,,1,,true
5033378,4250094969165,Glow Set,KLAPP,Weitere Pflege,,1,,true
5045068,4250094968625,Cell Pro Ionics Birthday Set,KLAPP,Cell Pro,4093,2,,true
5045071,4250094968526,A Classic Iconics Birthday Set,KLAPP,A CLASSIC,4089,3,,true
5045254,4250094967956,Cell Pro Hals & Dekollete Cream,KLAPP,Cell Pro,C9008,3,,true
5060455,4013474151334,Soft Feet Schaum,GEHWOL,Soft Feet,,5,,true
5114110,,PHA Toner 50ml Sondergröße,KLAPP,Multi Level Performance,,-3,,true
5156244,4025087347301,Nice Day Friut Bomb 50ml,Alessandro,Spa,,3,,true
5177548,4250094968540,C Pure Jubiläums ICONICS Box,KLAPP,Weitere Pflege,4091,4,,true
5178863,4250094968090,Hyaluronic Face Mist Spray,KLAPP,HYALURONIC,C6007,3,,true
5178865,4250094962920,After Sun Tan Maximizer,KLAPP,Protect Multi Level Performance,C6004,3,,true
5195502,4250094968397,Vitamin C Capsules,KLAPP,Triple Action,,3,,true
5235488,,Sommer Hyaluron Set,KLAPP,Weitere Pflege,,-1,,true
5266528,4250094971076,Herbst Tasche Hydration&Revival,KLAPP,Limited Edition,4108,5,,true
5275499,,Herbst Tasche Calm & Clear,KLAPP,Limited Edition,4107,1,,true
5275550,4013474106617,Zehenteiler G D mittel,GEHWOL,Weitere Pflege,102 692 900,2,,true
5275553,4013474106785,Ballenpolster mit Zehenteiler,GEHWOL,Weitere Pflege,102 681 100,2,,true
5275555,4013474106839,Ballenpolster mit Elastikbinde,GEHWOL,Weitere Pflege,102 681 600,1,,true
5275561,,Soft Feet Pflegebad,GEHWOL,Weitere Pflege,151 262 000,3,,true
5303532,4025087363004,Cozy Vanillla Hand Cream,Alessandro,Christmas Edition,,2,,true
5303535,4025087363028,Silky Hands&Body Peeling,Alessandro,Cozy Vanilla,,1,,true
5303553,4025087363080,Cozy hand serum Slow aging,Alessandro,Weitere Pflege,,0,,true
5303572,4025087124278,Duftkerze Merry Vanilla,Alessandro,Weitere Pflege,,13,,true
5304891,4250094970215,Adventkalender 45 years,KLAPP,Weitere Pflege,,2,,true
5307453,4250094970093,X-Mas Set Cell Pro Body Daily,KLAPP,Xmas,,4,,true
5307460,4250094970055,X-Mas Set Cleanse&Care,KLAPP,Xmas,,25,,true
5307473,4250094970178,X-Mas Set RepagenExclusive Set,KLAPP,Xmas,,1,,true
5307478,4250094970161,X-Mas Set A Classic Skin Care Set,KLAPP,Xmas,,4,,true
5307841,4250094970208,X-Mas Set Caviar,KLAPP,Xmas,,1,,true
5307846,4250094970192,X-Mas Set Cell Pro Lifting Set,KLAPP,Xmas,,9,,true
5307863,4250094970147,X-Mas Set Cell Pro Firming Set,KLAPP,Xmas,,2,,true
5307864,4250094970185,X-Mas Set Resist Aging,KLAPP,Xmas,,6,,true
5307865,4250094970109,X-Mas Set Aloe Vera Skin Care Set,KLAPP,Xmas,,2,,true
5307868,4250094970123,X-Mas Set Intense Glow Skin Care Set,KLAPP,Xmas,,9,,true
5379035,4250094965655,Cell Pro Firming Xmas Set (2024),KLAPP,Xmas,1386,2,,true
5379037,4250094970062,Cashmere Body Butter Xmas,KLAPP,Xmas,1358,10,,true
5445328,4025087460062,Express Nagelhärter frech rose,Alessandro,Weitere Pflege,46-006,2,1,true
5445344,4025087212609,Cozy Vanillla Hand Set,Alessandro,Xmas,21-260,4,,true
5512584,4250094968533,Hyaluronic Iconics Set,KLAPP,HYALURONIC,,1,,true
5512587,4250094968007,Day Limited edition Ampoules,KLAPP,Weitere Pflege,,9,,true
5614895,4025087592152,ALE NAGELLACK FRENCH ROSE,Alessandro,NAGELLACKE,59-215,1,,true
5614901,4025087274553,ALE NAGELLACKE SCANDALOUS ROSE,Alessandro,NAGELLACKE,27-455,2,,true
5614906,4025087274911,ALE NAGELLACKE CREAMY COTTON,Alessandro,NAGELLACKE,27-491,2,,true
5615285,4025087273570,ALE NAGELLACKE SUMMER BERRIES,Alessandro,NAGELLACKE,27-357,3,,true
5616457,4025087274492,ALE NAGELLACKE DOLCE VITA,Alessandro,NAGELLACKE,27-449,2,,true
5616459,4025087275154,ALE NAGELLACKE SOFT APRICOT,Alessandro,NAGELLACKE,27-515,1,,true
5616474,4025087274188,ALE NAGELLACKE LIFE COLOURS FIND YOUR FIRE,Alessandro,NAGELLACKE,27-418,2,,true
5669245,4025087274867,ALE NAGELLACK ROSY CHEEKS,Alessandro,Weitere Pflege,27-486,1,,true
5669308,4025087274874,ALE NAGELLACKE CANDY SKY SUMMER,Alessandro,Weitere Pflege,27-487,2,,true
5669317,4025087274164,ALE NAGELLACKE LIFE COLOURS AIR SYMPHONY,Alessandro,Weitere Pflege,27-416,1,,true
5670073,4025087274935,ALE NAGELLACKE PINK PEONY,Alessandro,Weitere Pflege,27-493,2,,true
5671247,4025087274577,ALE NAGELLACKE MADE IN LA,Alessandro,Weitere Pflege,27-457,2,,true
5683385,4025087275086,ALE NAGELLACKE PURE JOY,Alessandro,Weitere Pflege,27-508,2,,true
5683386,4025087274829,ALE NAGELLACKE POISON APPLE,Alessandro,Weitere Pflege,27-482,1,,true
5683419,4025087275147,ALE NAGELLACKE MAGICAL HEALING SHIMMER,Alessandro,Weitere Pflege,27-514,3,,true
5683420,4025087274423,ALE NAGELLACKE COASTAL BREEZE PEBBLE STONE,Alessandro,Weitere Pflege,27-442,2,,true
5683421,4025087274454,ALE NAGELLACKE COASTAL BREEZE STORMY WATER,Alessandro,Weitere Pflege,27-445,2,,true
5683422,4025087274430,ALE NAGELLACKE COASTAL BREEZE SEA WHEAT,Alessandro,Weitere Pflege,27-443,4,,true
5683423,4025087274157,ALE NAGELLACKE LIFE COLOURS MYSTERIOUS WATER,Alessandro,Weitere Pflege,27-415,2,,true
5683426,4025087274836,ALE NAGELLACKE EVIL QUEEN,Alessandro,Weitere Pflege,27-483,1,,true
5683427,4025087274461,ALE NAGELLACKE MERLOT KISS,Alessandro,Weitere Pflege,27-446,0,,true
5739399,4025087275253,ALE NAGELLACKE CASHMERE CREME,Alessandro,Weitere Pflege,27-525,3,,true
5739400,4025087275260,ALE NAGELLACKE MOCHA MIRAGE,Alessandro,Weitere Pflege,27-526,0,,true
5739401,4025087275277,ALE NAGELLACKE ANTIQUE BLUSH,Alessandro,Weitere Pflege,27-527,3,,true
5739402,4025087275284,ALE NAGELLACKE VELVET ROUGE,Alessandro,Weitere Pflege,,,,true
5739403,4025087275291,ALE NAGELLACKE,Alessandro,Weitere Pflege,27-529,2,,true
5739404,4025087275239,ALE NAGELLACKE FIRE RED,Alessandro,Weitere Pflege,27-523,0,,true
5739405,4025087275215,ALE NAGELACKE FUNKY PINK,Alessandro,Weitere Pflege,27-521,2,,true
5739407,4025087275222,ALE NAGELLACKE ORANGE OUT LOUD,Alessandro,Weitere Pflege,27-552,1,,true
5739408,4025087275208,ALE NAGELLACKE SHADOW LIME,Alessandro,Weitere Pflege,27-520,3,,true
5739409,4025087275246,ALE NAGELLACKE ELECTRIC BLUE,Alessandro,Weitere Pflege,27-524,3,,true
5739411,4025087275109,ALE NAGELLACKE RELAX YOUR MIND SHIMMER,Alessandro,Weitere Pflege,27-510,,,true
5739412,4025087274324,ALE NAGELLACKE HEAT WAVE FRUITY PAPAYA,Alessandro,Weitere Pflege,27-432,1,,true
5739413,4025087275192,ALE NAGELLACKE,Alessandro,Weitere Pflege,27-519,2,,true
5739414,4025087275161,ALE NAGELLACKE SOFT PEACH SHIMMER,Alessandro,Weitere Pflege,27-516,3,,true
5739791,4025087274843,ALE NAGELLACKE SLEEPY DWARF,Alessandro,Weitere Pflege,27-484,1,,true
5739794,4025087275116,ALE NAGELLACKE MENTAL BALANCE,Alessandro,Weitere Pflege,27-511,1,,true
5739797,4025087273600,ALE NAGELLACKE PURPLE CARE,Alessandro,Weitere Pflege,27-490,,,true
5739798,4025087274898,ALE NAGELLACKE SNOW CASTLE,Alessandro,Weitere Pflege,27-489,3,,true
5739804,4025087275123,ALE NAGELLACKE POWERFUL SENSES,Alessandro,Weitere Pflege,27-512,2,,true
5739806,4025087274850,ALE NAGELLACKE DARK EBENWOOD,Alessandro,Weitere Pflege,27-485,3,,true
5739815,4025087275321,ALE NAGELLACKE PINK VOLTAGE (NEON),Alessandro,Weitere Pflege,27-532,2,,true
5739816,4025087275314,ALE NAGELLACKE CORAL SHOCK(NEON),Alessandro,Weitere Pflege,27-531,2,,true
5739817,4025087275338,ALE NAGELLACKE VIVD VIOLET(NEON),Alessandro,Weitere Pflege,27-553,2,,true
5739818,4025087275307,ALE NAGELLACKE ELECTRIC LEMON(NEON),Alessandro,Weitere Pflege,27-530,1,,true
5739819,4025087275345,ALE NAGELLACKE BLUE BLAZE (NEON),Alessandro,Weitere Pflege,27-534,2,,true
5739823,4025087275130,ALE NAGELLACKE SPIRUAL GROWTH,Alessandro,Weitere Pflege,27-513,2,,true
5740093,4025087430270,EXPRESS NAIL HARDENER ROSE,Alessandro,Weitere Pflege,43-027,1,,true
5741812,4013474151327,Soft Feet Pflegebad,GEHWOL,Weitere Pflege,151262000,1,,true
5742036,4008576398091,Hornhautfeile,GEHWOL,Weitere Pflege,312230501,11,,true
5869501,4025087210100,Kiss me Set hand cream nail butter,Alessandro,Weitere Pflege,21-010,-2,2,true
5869502,4025087210117,Mango Nail Vare Serum,Alessandro,Weitere Pflege,21-011,5,3,true
5869505,4025087210124,Cuticle Remover(Easter),Alessandro,Weitere Pflege,21-012,,3,true
5869506,4025087435572,Kiss me Nail Butter,Alessandro,Weitere Pflege,43-557,-5,9,true
5869507,4025087435558,Kiss me Hand Cream,Alessandro,Weitere Pflege,43-555,2,9,true
5897099,4025087275390,ALE NAGELLACKE LOVERS BLUSCH,Alessandro,Weitere Pflege,27-539,4,,true
5897115,4025087275352,ALE NAGELLACKE SUGAR SHIMMER,Alessandro,Weitere Pflege,27-535,2,,true
5897116,4025087275369,ALE NAGELLACKE KISS&TELL,Alessandro,Weitere Pflege,27-536,2,,true
5897118,4025087275376,ALE NAGELLACKE CHERRY FLIRT,Alessandro,Weitere Pflege,27-537,2,,true
5897120,4025087275383,ALE NAGELLACKE ONCE IN A BERRY,Alessandro,Weitere Pflege,27-538,3,,true
5902547,4250094971854,Triple Action Radiance Vitamin C Sheet Mask,KLAPP,Weitere Pflege,4111,2,,true
5902877,4250094971786,Caviar Power Imperial Collection Cream + Serum,KLAPP,Weitere Pflege,2566,6,,true
5902881,4250094971779,Caviar Power Imperial Day&Night Duo,KLAPP,Weitere Pflege,2565,1,,true
5902886,4250094967963,Cell Pro Overnight Mask,KLAPP,Weitere Pflege,C9009,2,,true
5921088,4250094971809,Exo/Gen soothing Shield Cream,KLAPP,Exo/Gen,A9101,2,,true
5921090,4250094971816,Exo/Gen Restore Radiance Cream,KLAPP,Exo/Gen,A9102,4,,true
5921091,4250094971823,Exo/Gen Restore Clarify Cream,KLAPP,Exo/Gen,A9103,2,,true
5921092,4250094971793,Exo/Gen Restore Age Defense,KLAPP,Exo/Gen,A1900,1,,true
5986577,,Geschenk Set Men,KLAPP,Geschenk Sets,,1,,true
5986579,,Geschenk Set Hand,KLAPP,Geschenk Sets,,2,,true
5986581,,Geschenk Set Glam Ampullen,KLAPP,Geschenk Sets,,3,,true
5986583,,Geschenk Set Amp.Kur CellPro,KLAPP,Geschenk Sets,,2,,true
6005773,4025087460055,Express nail Hardener clear,Alessandro,Weitere Pflege,46-005,-4,4,true
6005779,4025087460130,SOS NAIL REPAIR,Alessandro,Weitere Pflege,46-013,,2,true
6038834,4250094971830,Skin Boost Exo/Gen Vitality Elixier,KLAPP,Skin Boost,A9104,5,,true
6050026,4025087363097,Cozy Hand Serum,Alessandro,Weitere Pflege,,,4,true
6054304,4025087212586,SOS nail clinic repair care,Alessandro,Weitere Pflege,,-2,8,true
6054306,4025087211398,Sos Nail Care Set,Alessandro,Weitere Pflege,,,4,true
6054654,4025087275406,ALE NAGELLACKE GOLDEN HOUR,Alessandro,Weitere Pflege,,,3,true
6055018,4025087275420,ALE NAGELLACKE CORAL HEAT,Alessandro,Weitere Pflege,,,3,true
6055019,4025087275437,ALE NAGELLACKE HEATWAVE,Alessandro,Weitere Pflege,,,3,true
6055020,4025087275444,ALE NAGELLACKE EVENING POP,Alessandro,Weitere Pflege,,-4,3,true
6082773,4013474106532,Zehenschutzring G klein,GEHWOL,Weitere Pflege,,-1,5,true
6082774,4013474106679,Zehenkappe G mini,GEHWOL,Weitere Pflege,,,2,true
6082775,4013474106419,Zehenkappe G mittel,GEHWOL,Weitere Pflege,,,2,true
6082778,4013474151297,Soft Feet Creme 40ml,GEHWOL,Weitere Pflege,,-1,24,true
6116096,4025087340012,More than moisture,Alessandro,Weitere Pflege,,-6,12,true
6135043,,Cleansing Foam Reisegröße 50 ml,KLAPP,Weitere Pflege,,4,,true
6147873,,Lipidro,GEHWOL,Gehwohl,,0,,true
6169232,4250094972677,Glow Ritual Kit,KLAPP,Weitere Pflege,4118,-4,10,true
6172422,4250094972233,Hyaluron Hydration Edition,KLAPP,Weitere Pflege,4112,,6,true
6172661,4250094972240,Retinol Renewal Edition,KLAPP,Weitere Pflege,4113,-1,6,true
6221397,4025087460154,Base Coat,Alessandro,Weitere Pflege,46-015,5,,true
6231780,,Hyaluronic Set,KLAPP,Weitere Pflege,,3,,true
6339784,4025087275505,ALE NAGELLACKE CRIMSON RUBY,Alessandro,Weitere Pflege,27-550,3,3,true
6341243,4025087275512,ALE NAGELLACKE DEEP GARNET,Alessandro,Weitere Pflege,27-551,3,3,true
6341245,4025087275536,ALE NAGELLACKE TRUFFLE GLOW,Alessandro,Weitere Pflege,27-553,3,3,true
6341247,4025087275543,ALE NAGELLACKE CHOCOLATE DIAMOND,Alessandro,Weitere Pflege,27-554,3,3,true
6341252,4025087275529,ALE NAGELLACKE AMETHYST GLOW,Alessandro,Weitere Pflege,27-552,3,3,true
6341258,4025087360072,HAND CREAM RETINOL SLOW AGING,Alessandro,Weitere Pflege,36-007,4,4,true
6341261,4025087360027,HAND CREAM HYALURON HYDRO INTENSE,Alessandro,Weitere Pflege,36-002,4,4,true
6341265,4025087360034,HAND CREAM CERAMIDE STRONG BARRIER,Alessandro,Weitere Pflege,36-003,4,4,true
6341326,4025087360065,HAND SERUM FLAWLESS,Alessandro,Weitere Pflege,36-006,4,4,true
6342709,4025087363141,HYDRO BOOST EXPRESS GLOVES,Alessandro,Weitere Pflege,36-314,38,40,true
6342713,4025087363172,HAND CREAM DIAMOND OBSESSION 50ML,Alessandro,Weitere Pflege,36-317,15,15,true
6342789,4025087363158,HAND CREAM 100ML DIAMOND OBSESSION,Alessandro,Weitere Pflege,36-316,29,20,true
6343307,4025087363219,NAIL CARE PEN DIAMOND OBSESSION,Alessandro,Weitere Pflege,36-322,11,,true
6343324,4025087210223,HAND CARE SET DIAMOND OBSESSION,Alessandro,Weitere Pflege,21-022,34,,true
6343465,4025087363233,HANDPARFÜM DIAMOND OBSESSION,Alessandro,Weitere Pflege,36-323,20,,true
6364854,4250094972875,LET IT GLOW BEAUTIFUL EYES,KLAPP,Weitere Pflege,1345,18,,true
6364879,4250094972844,LET IT GLOW STRIPEXAN SERUM,KLAPP,Weitere Pflege,1343,5,,true
6365047,4250094973049,LET IT GLOW SKIN BOOST TREATMENT,KLAPP,Weitere Pflege,1348,6,,true
6366936,4250094972851,LET IT GLOW CASHMERE BODY BUTTER,KLAPP,Weitere Pflege,,15,,true
6366937,4250094972868,LET IT GLOW VITAMIN CRADIANT SKIN,KLAPP,Weitere Pflege,1344,8,,true
6366938,4250094973056,LET IT GLOW CLEANSE&CARE,KLAPP,Weitere Pflege,1339,8,,true
6366939,4250094972936,LET IT GLOW CELL PRO AWARD WINNER,KLAPP,Weitere Pflege,1351,8,,true
6366941,4250094972912,LET IT GLOW REPAGEN EXCLUSIVE,KLAPP,Weitere Pflege,1349,35,,true
6367125,,A Classic Booster Emulsion 20 ml,KLAPP,Weitere Pflege,,17,,true
6367442,,Xmas Set Caviar Imperial Set Creme+Serum,KLAPP,Xmas,2566,9,10,true
6367443,,Xmas Set Caviar Imperial Set Serum+Serum,KLAPP,Xmas,2565,,3,true
